pos_x,pos_y,pos_z,rot_x,rot_y,rot_z,id
0,0,0,0,0,0,0
0,0,0,0,6,0,1
0,0,0,0,12,0,2
0,0,0,0,18,0,3
0,0,0,0,24,0,4
0,0,0,0,30,0,5
0,0,0,0,36,0,6
0,0,0,0,42,0,7
0,0,0,0,48,0,8
0,0,0,0,54,0,9
0,0,0,0,60,0,10
0,0,0,0,66,0,11
0,0,0,0,72,0,12
0,0,0,0,78,0,13
0,0,0,0,84,0,14
0,0,0,6,0,0,15
0,0,0,6,6,0,16
0,0,0,6,12,0,17
0,0,0,6,18,0,18
0,0,0,6,24,0,19
0,0,0,6,30,0,20
0,0,0,6,36,0,21
0,0,0,6,42,0,22
0,0,0,6,48,0,23
0,0,0,6,54,0,24
0,0,0,6,60,0,25
0,0,0,6,66,0,26
0,0,0,6,72,0,27
0,0,0,6,78,0,28
0,0,0,6,84,0,29
0,0,0,12,0,0,30
0,0,0,12,6,0,31
0,0,0,12,12,0,32
0,0,0,12,18,0,33
0,0,0,12,24,0,34
0,0,0,12,30,0,35
0,0,0,12,36,0,36
0,0,0,12,42,0,37
0,0,0,12,48,0,38
0,0,0,12,54,0,39
0,0,0,12,60,0,40
0,0,0,12,66,0,41
0,0,0,12,72,0,42
0,0,0,12,78,0,43
0,0,0,12,84,0,44
0,0,0,18,0,0,45
0,0,0,18,6,0,46
0,0,0,18,12,0,47
0,0,0,18,18,0,48
0,0,0,18,24,0,49
0,0,0,18,30,0,50
0,0,0,18,36,0,51
0,0,0,18,42,0,52
0,0,0,18,48,0,53
0,0,0,18,54,0,54
0,0,0,18,60,0,55
0,0,0,18,66,0,56
0,0,0,18,72,0,57
0,0,0,18,78,0,58
0,0,0,18,84,0,59
0,0,0,24,0,0,60
0,0,0,24,6,0,61
0,0,0,24,12,0,62
0,0,0,24,18,0,63
0,0,0,24,24,0,64
0,0,0,24,30,0,65
0,0,0,24,36,0,66
0,0,0,24,42,0,67
0,0,0,24,48,0,68
0,0,0,24,54,0,69
0,0,0,24,60,0,70
0,0,0,24,66,0,71
0,0,0,24,72,0,72
0,0,0,24,78,0,73
0,0,0,24,84,0,74
0,0,0,30,0,0,75
0,0,0,30,6,0,76
0,0,0,30,12,0,77
0,0,0,30,18,0,78
0,0,0,30,24,0,79
0,0,0,30,30,0,80
0,0,0,30,36,0,81
0,0,0,30,42,0,82
0,0,0,30,48,0,83
0,0,0,30,54,0,84
0,0,0,30,60,0,85
0,0,0,30,66,0,86
0,0,0,30,72,0,87
0,0,0,30,78,0,88
0,0,0,30,84,0,89
0,0,0,36,0,0,90
0,0,0,36,6,0,91
0,0,0,36,12,0,92
0,0,0,36,18,0,93
0,0,0,36,24,0,94
0,0,0,36,30,0,95
0,0,0,36,36,0,96
0,0,0,36,42,0,97
0,0,0,36,48,0,98
0,0,0,36,54,0,99
0,0,0,36,60,0,100
0,0,0,36,66,0,101
0,0,0,36,72,0,102
0,0,0,36,78,0,103
0,0,0,36,84,0,104
0,0,0,42,0,0,105
0,0,0,42,6,0,106
0,0,0,42,12,0,107
0,0,0,42,18,0,108
0,0,0,42,24,0,109
0,0,0,42,30,0,110
0,0,0,42,36,0,111
0,0,0,42,42,0,112
0,0,0,42,48,0,113
0,0,0,42,54,0,114
0,0,0,42,60,0,115
0,0,0,42,66,0,116
0,0,0,42,72,0,117
0,0,0,42,78,0,118
0,0,0,42,84,0,119
0,0,0,48,0,0,120
0,0,0,48,6,0,121
0,0,0,48,12,0,122
0,0,0,48,18,0,123
0,0,0,48,24,0,124
0,0,0,48,30,0,125
0,0,0,48,36,0,126
0,0,0,48,42,0,127
0,0,0,48,48,0,128
0,0,0,48,54,0,129
0,0,0,48,60,0,130
0,0,0,48,66,0,131
0,0,0,48,72,0,132
0,0,0,48,78,0,133
0,0,0,48,84,0,134
0,0,0,54,0,0,135
0,0,0,54,6,0,136
0,0,0,54,12,0,137
0,0,0,54,18,0,138
0,0,0,54,24,0,139
0,0,0,54,30,0,140
0,0,0,54,36,0,141
0,0,0,54,42,0,142
0,0,0,54,48,0,143
0,0,0,54,54,0,144
0,0,0,54,60,0,145
0,0,0,54,66,0,146
0,0,0,54,72,0,147
0,0,0,54,78,0,148
0,0,0,54,84,0,149
0,0,0,60,0,0,150
0,0,0,60,6,0,151
0,0,0,60,12,0,152
0,0,0,60,18,0,153
0,0,0,60,24,0,154
0,0,0,60,30,0,155
0,0,0,60,36,0,156
0,0,0,60,42,0,157
0,0,0,60,48,0,158
0,0,0,60,54,0,159
0,0,0,60,60,0,160
0,0,0,60,66,0,161
0,0,0,60,72,0,162
0,0,0,60,78,0,163
0,0,0,60,84,0,164
0,0,0,66,0,0,165
0,0,0,66,6,0,166
0,0,0,66,12,0,167
0,0,0,66,18,0,168
0,0,0,66,24,0,169
0,0,0,66,30,0,170
0,0,0,66,36,0,171
0,0,0,66,42,0,172
0,0,0,66,48,0,173
0,0,0,66,54,0,174
0,0,0,66,60,0,175
0,0,0,66,66,0,176
0,0,0,66,72,0,177
0,0,0,66,78,0,178
0,0,0,66,84,0,179
0,0,0,72,0,0,180
0,0,0,72,6,0,181
0,0,0,72,12,0,182
0,0,0,72,18,0,183
0,0,0,72,24,0,184
0,0,0,72,30,0,185
0,0,0,72,36,0,186
0,0,0,72,42,0,187
0,0,0,72,48,0,188
0,0,0,72,54,0,189
0,0,0,72,60,0,190
0,0,0,72,66,0,191
0,0,0,72,72,0,192
0,0,0,72,78,0,193
0,0,0,72,84,0,194
0,0,0,78,0,0,195
0,0,0,78,6,0,196
0,0,0,78,12,0,197
0,0,0,78,18,0,198
0,0,0,78,24,0,199
0,0,0,78,30,0,200
0,0,0,78,36,0,201
0,0,0,78,42,0,202
0,0,0,78,48,0,203
0,0,0,78,54,0,204
0,0,0,78,60,0,205
0,0,0,78,66,0,206
0,0,0,78,72,0,207
0,0,0,78,78,0,208
0,0,0,78,84,0,209
0,0,0,84,0,0,210
0,0,0,84,6,0,211
0,0,0,84,12,0,212
0,0,0,84,18,0,213
0,0,0,84,24,0,214
0,0,0,84,30,0,215
0,0,0,84,36,0,216
0,0,0,84,42,0,217
0,0,0,84,48,0,218
0,0,0,84,54,0,219
0,0,0,84,60,0,220
0,0,0,84,66,0,221
0,0,0,84,72,0,222
0,0,0,84,78,0,223
0,0,0,84,84,0,224
0,0,0,0,0,6,225
0,0,0,0,6,6,226
0,0,0,0,12,6,227
0,0,0,0,18,6,228
0,0,0,0,24,6,229
0,0,0,0,30,6,230
0,0,0,0,36,6,231
0,0,0,0,42,6,232
0,0,0,0,48,6,233
0,0,0,0,54,6,234
0,0,0,0,60,6,235
0,0,0,0,66,6,236
0,0,0,0,72,6,237
0,0,0,0,78,6,238
0,0,0,0,84,6,239
0,0,0,6,0,6,240
0,0,0,6,6,6,241
0,0,0,6,12,6,242
0,0,0,6,18,6,243
0,0,0,6,24,6,244
0,0,0,6,30,6,245
0,0,0,6,36,6,246
0,0,0,6,42,6,247
0,0,0,6,48,6,248
0,0,0,6,54,6,249
0,0,0,6,60,6,250
0,0,0,6,66,6,251
0,0,0,6,72,6,252
0,0,0,6,78,6,253
0,0,0,6,84,6,254
0,0,0,12,0,6,255
0,0,0,12,6,6,256
0,0,0,12,12,6,257
0,0,0,12,18,6,258
0,0,0,12,24,6,259
0,0,0,12,30,6,260
0,0,0,12,36,6,261
0,0,0,12,42,6,262
0,0,0,12,48,6,263
0,0,0,12,54,6,264
0,0,0,12,60,6,265
0,0,0,12,66,6,266
0,0,0,12,72,6,267
0,0,0,12,78,6,268
0,0,0,12,84,6,269
0,0,0,18,0,6,270
0,0,0,18,6,6,271
0,0,0,18,12,6,272
0,0,0,18,18,6,273
0,0,0,18,24,6,274
0,0,0,18,30,6,275
0,0,0,18,36,6,276
0,0,0,18,42,6,277
0,0,0,18,48,6,278
0,0,0,18,54,6,279
0,0,0,18,60,6,280
0,0,0,18,66,6,281
0,0,0,18,72,6,282
0,0,0,18,78,6,283
0,0,0,18,84,6,284
0,0,0,24,0,6,285
0,0,0,24,6,6,286
0,0,0,24,12,6,287
0,0,0,24,18,6,288
0,0,0,24,24,6,289
0,0,0,24,30,6,290
0,0,0,24,36,6,291
0,0,0,24,42,6,292
0,0,0,24,48,6,293
0,0,0,24,54,6,294
0,0,0,24,60,6,295
0,0,0,24,66,6,296
0,0,0,24,72,6,297
0,0,0,24,78,6,298
0,0,0,24,84,6,299
0,0,0,30,0,6,300
0,0,0,30,6,6,301
0,0,0,30,12,6,302
0,0,0,30,18,6,303
0,0,0,30,24,6,304
0,0,0,30,30,6,305
0,0,0,30,36,6,306
0,0,0,30,42,6,307
0,0,0,30,48,6,308
0,0,0,30,54,6,309
0,0,0,30,60,6,310
0,0,0,30,66,6,311
0,0,0,30,72,6,312
0,0,0,30,78,6,313
0,0,0,30,84,6,314
0,0,0,36,0,6,315
0,0,0,36,6,6,316
0,0,0,36,12,6,317
0,0,0,36,18,6,318
0,0,0,36,24,6,319
0,0,0,36,30,6,320
0,0,0,36,36,6,321
0,0,0,36,42,6,322
0,0,0,36,48,6,323
0,0,0,36,54,6,324
0,0,0,36,60,6,325
0,0,0,36,66,6,326
0,0,0,36,72,6,327
0,0,0,36,78,6,328
0,0,0,36,84,6,329
0,0,0,42,0,6,330
0,0,0,42,6,6,331
0,0,0,42,12,6,332
0,0,0,42,18,6,333
0,0,0,42,24,6,334
0,0,0,42,30,6,335
0,0,0,42,36,6,336
0,0,0,42,42,6,337
0,0,0,42,48,6,338
0,0,0,42,54,6,339
0,0,0,42,60,6,340
0,0,0,42,66,6,341
0,0,0,42,72,6,342
0,0,0,42,78,6,343
0,0,0,42,84,6,344
0,0,0,48,0,6,345
0,0,0,48,6,6,346
0,0,0,48,12,6,347
0,0,0,48,18,6,348
0,0,0,48,24,6,349
0,0,0,48,30,6,350
0,0,0,48,36,6,351
0,0,0,48,42,6,352
0,0,0,48,48,6,353
0,0,0,48,54,6,354
0,0,0,48,60,6,355
0,0,0,48,66,6,356
0,0,0,48,72,6,357
0,0,0,48,78,6,358
0,0,0,48,84,6,359
0,0,0,54,0,6,360
0,0,0,54,6,6,361
0,0,0,54,12,6,362
0,0,0,54,18,6,363
0,0,0,54,24,6,364
0,0,0,54,30,6,365
0,0,0,54,36,6,366
0,0,0,54,42,6,367
0,0,0,54,48,6,368
0,0,0,54,54,6,369
0,0,0,54,60,6,370
0,0,0,54,66,6,371
0,0,0,54,72,6,372
0,0,0,54,78,6,373
0,0,0,54,84,6,374
0,0,0,60,0,6,375
0,0,0,60,6,6,376
0,0,0,60,12,6,377
0,0,0,60,18,6,378
0,0,0,60,24,6,379
0,0,0,60,30,6,380
0,0,0,60,36,6,381
0,0,0,60,42,6,382
0,0,0,60,48,6,383
0,0,0,60,54,6,384
0,0,0,60,60,6,385
0,0,0,60,66,6,386
0,0,0,60,72,6,387
0,0,0,60,78,6,388
0,0,0,60,84,6,389
0,0,0,66,0,6,390
0,0,0,66,6,6,391
0,0,0,66,12,6,392
0,0,0,66,18,6,393
0,0,0,66,24,6,394
0,0,0,66,30,6,395
0,0,0,66,36,6,396
0,0,0,66,42,6,397
0,0,0,66,48,6,398
0,0,0,66,54,6,399
0,0,0,66,60,6,400
0,0,0,66,66,6,401
0,0,0,66,72,6,402
0,0,0,66,78,6,403
0,0,0,66,84,6,404
0,0,0,72,0,6,405
0,0,0,72,6,6,406
0,0,0,72,12,6,407
0,0,0,72,18,6,408
0,0,0,72,24,6,409
0,0,0,72,30,6,410
0,0,0,72,36,6,411
0,0,0,72,42,6,412
0,0,0,72,48,6,413
0,0,0,72,54,6,414
0,0,0,72,60,6,415
0,0,0,72,66,6,416
0,0,0,72,72,6,417
0,0,0,72,78,6,418
0,0,0,72,84,6,419
0,0,0,78,0,6,420
0,0,0,78,6,6,421
0,0,0,78,12,6,422
0,0,0,78,18,6,423
0,0,0,78,24,6,424
0,0,0,78,30,6,425
0,0,0,78,36,6,426
0,0,0,78,42,6,427
0,0,0,78,48,6,428
0,0,0,78,54,6,429
0,0,0,78,60,6,430
0,0,0,78,66,6,431
0,0,0,78,72,6,432
0,0,0,78,78,6,433
0,0,0,78,84,6,434
0,0,0,84,0,6,435
0,0,0,84,6,6,436
0,0,0,84,12,6,437
0,0,0,84,18,6,438
0,0,0,84,24,6,439
0,0,0,84,30,6,440
0,0,0,84,36,6,441
0,0,0,84,42,6,442
0,0,0,84,48,6,443
0,0,0,84,54,6,444
0,0,0,84,60,6,445
0,0,0,84,66,6,446
0,0,0,84,72,6,447
0,0,0,84,78,6,448
0,0,0,84,84,6,449
0,0,0,0,0,12,450
0,0,0,0,6,12,451
0,0,0,0,12,12,452
0,0,0,0,18,12,453
0,0,0,0,24,12,454
0,0,0,0,30,12,455
0,0,0,0,36,12,456
0,0,0,0,42,12,457
0,0,0,0,48,12,458
0,0,0,0,54,12,459
0,0,0,0,60,12,460
0,0,0,0,66,12,461
0,0,0,0,72,12,462
0,0,0,0,78,12,463
0,0,0,0,84,12,464
0,0,0,6,0,12,465
0,0,0,6,6,12,466
0,0,0,6,12,12,467
0,0,0,6,18,12,468
0,0,0,6,24,12,469
0,0,0,6,30,12,470
0,0,0,6,36,12,471
0,0,0,6,42,12,472
0,0,0,6,48,12,473
0,0,0,6,54,12,474
0,0,0,6,60,12,475
0,0,0,6,66,12,476
0,0,0,6,72,12,477
0,0,0,6,78,12,478
0,0,0,6,84,12,479
0,0,0,12,0,12,480
0,0,0,12,6,12,481
0,0,0,12,12,12,482
0,0,0,12,18,12,483
0,0,0,12,24,12,484
0,0,0,12,30,12,485
0,0,0,12,36,12,486
0,0,0,12,42,12,487
0,0,0,12,48,12,488
0,0,0,12,54,12,489
0,0,0,12,60,12,490
0,0,0,12,66,12,491
0,0,0,12,72,12,492
0,0,0,12,78,12,493
0,0,0,12,84,12,494
0,0,0,18,0,12,495
0,0,0,18,6,12,496
0,0,0,18,12,12,497
0,0,0,18,18,12,498
0,0,0,18,24,12,499
0,0,0,18,30,12,500
0,0,0,18,36,12,501
0,0,0,18,42,12,502
0,0,0,18,48,12,503
0,0,0,18,54,12,504
0,0,0,18,60,12,505
0,0,0,18,66,12,506
0,0,0,18,72,12,507
0,0,0,18,78,12,508
0,0,0,18,84,12,509
0,0,0,24,0,12,510
0,0,0,24,6,12,511
0,0,0,24,12,12,512
0,0,0,24,18,12,513
0,0,0,24,24,12,514
0,0,0,24,30,12,515
0,0,0,24,36,12,516
0,0,0,24,42,12,517
0,0,0,24,48,12,518
0,0,0,24,54,12,519
0,0,0,24,60,12,520
0,0,0,24,66,12,521
0,0,0,24,72,12,522
0,0,0,24,78,12,523
0,0,0,24,84,12,524
0,0,0,30,0,12,525
0,0,0,30,6,12,526
0,0,0,30,12,12,527
0,0,0,30,18,12,528
0,0,0,30,24,12,529
0,0,0,30,30,12,530
0,0,0,30,36,12,531
0,0,0,30,42,12,532
0,0,0,30,48,12,533
0,0,0,30,54,12,534
0,0,0,30,60,12,535
0,0,0,30,66,12,536
0,0,0,30,72,12,537
0,0,0,30,78,12,538
0,0,0,30,84,12,539
0,0,0,36,0,12,540
0,0,0,36,6,12,541
0,0,0,36,12,12,542
0,0,0,36,18,12,543
0,0,0,36,24,12,544
0,0,0,36,30,12,545
0,0,0,36,36,12,546
0,0,0,36,42,12,547
0,0,0,36,48,12,548
0,0,0,36,54,12,549
0,0,0,36,60,12,550
0,0,0,36,66,12,551
0,0,0,36,72,12,552
0,0,0,36,78,12,553
0,0,0,36,84,12,554
0,0,0,42,0,12,555
0,0,0,42,6,12,556
0,0,0,42,12,12,557
0,0,0,42,18,12,558
0,0,0,42,24,12,559
0,0,0,42,30,12,560
0,0,0,42,36,12,561
0,0,0,42,42,12,562
0,0,0,42,48,12,563
0,0,0,42,54,12,564
0,0,0,42,60,12,565
0,0,0,42,66,12,566
0,0,0,42,72,12,567
0,0,0,42,78,12,568
0,0,0,42,84,12,569
0,0,0,48,0,12,570
0,0,0,48,6,12,571
0,0,0,48,12,12,572
0,0,0,48,18,12,573
0,0,0,48,24,12,574
0,0,0,48,30,12,575
0,0,0,48,36,12,576
0,0,0,48,42,12,577
0,0,0,48,48,12,578
0,0,0,48,54,12,579
0,0,0,48,60,12,580
0,0,0,48,66,12,581
0,0,0,48,72,12,582
0,0,0,48,78,12,583
0,0,0,48,84,12,584
0,0,0,54,0,12,585
0,0,0,54,6,12,586
0,0,0,54,12,12,587
0,0,0,54,18,12,588
0,0,0,54,24,12,589
0,0,0,54,30,12,590
0,0,0,54,36,12,591
0,0,0,54,42,12,592
0,0,0,54,48,12,593
0,0,0,54,54,12,594
0,0,0,54,60,12,595
0,0,0,54,66,12,596
0,0,0,54,72,12,597
0,0,0,54,78,12,598
0,0,0,54,84,12,599
0,0,0,60,0,12,600
0,0,0,60,6,12,601
0,0,0,60,12,12,602
0,0,0,60,18,12,603
0,0,0,60,24,12,604
0,0,0,60,30,12,605
0,0,0,60,36,12,606
0,0,0,60,42,12,607
0,0,0,60,48,12,608
0,0,0,60,54,12,609
0,0,0,60,60,12,610
0,0,0,60,66,12,611
0,0,0,60,72,12,612
0,0,0,60,78,12,613
0,0,0,60,84,12,614
0,0,0,66,0,12,615
0,0,0,66,6,12,616
0,0,0,66,12,12,617
0,0,0,66,18,12,618
0,0,0,66,24,12,619
0,0,0,66,30,12,620
0,0,0,66,36,12,621
0,0,0,66,42,12,622
0,0,0,66,48,12,623
0,0,0,66,54,12,624
0,0,0,66,60,12,625
0,0,0,66,66,12,626
0,0,0,66,72,12,627
0,0,0,66,78,12,628
0,0,0,66,84,12,629
0,0,0,72,0,12,630
0,0,0,72,6,12,631
0,0,0,72,12,12,632
0,0,0,72,18,12,633
0,0,0,72,24,12,634
0,0,0,72,30,12,635
0,0,0,72,36,12,636
0,0,0,72,42,12,637
0,0,0,72,48,12,638
0,0,0,72,54,12,639
0,0,0,72,60,12,640
0,0,0,72,66,12,641
0,0,0,72,72,12,642
0,0,0,72,78,12,643
0,0,0,72,84,12,644
0,0,0,78,0,12,645
0,0,0,78,6,12,646
0,0,0,78,12,12,647
0,0,0,78,18,12,648
0,0,0,78,24,12,649
0,0,0,78,30,12,650
0,0,0,78,36,12,651
0,0,0,78,42,12,652
0,0,0,78,48,12,653
0,0,0,78,54,12,654
0,0,0,78,60,12,655
0,0,0,78,66,12,656
0,0,0,78,72,12,657
0,0,0,78,78,12,658
0,0,0,78,84,12,659
0,0,0,84,0,12,660
0,0,0,84,6,12,661
0,0,0,84,12,12,662
0,0,0,84,18,12,663
0,0,0,84,24,12,664
0,0,0,84,30,12,665
0,0,0,84,36,12,666
0,0,0,84,42,12,667
0,0,0,84,48,12,668
0,0,0,84,54,12,669
0,0,0,84,60,12,670
0,0,0,84,66,12,671
0,0,0,84,72,12,672
0,0,0,84,78,12,673
0,0,0,84,84,12,674
0,0,0,0,0,18,675
0,0,0,0,6,18,676
0,0,0,0,12,18,677
0,0,0,0,18,18,678
0,0,0,0,24,18,679
0,0,0,0,30,18,680
0,0,0,0,36,18,681
0,0,0,0,42,18,682
0,0,0,0,48,18,683
0,0,0,0,54,18,684
0,0,0,0,60,18,685
0,0,0,0,66,18,686
0,0,0,0,72,18,687
0,0,0,0,78,18,688
0,0,0,0,84,18,689
0,0,0,6,0,18,690
0,0,0,6,6,18,691
0,0,0,6,12,18,692
0,0,0,6,18,18,693
0,0,0,6,24,18,694
0,0,0,6,30,18,695
0,0,0,6,36,18,696
0,0,0,6,42,18,697
0,0,0,6,48,18,698
0,0,0,6,54,18,699
0,0,0,6,60,18,700
0,0,0,6,66,18,701
0,0,0,6,72,18,702
0,0,0,6,78,18,703
0,0,0,6,84,18,704
0,0,0,12,0,18,705
0,0,0,12,6,18,706
0,0,0,12,12,18,707
0,0,0,12,18,18,708
0,0,0,12,24,18,709
0,0,0,12,30,18,710
0,0,0,12,36,18,711
0,0,0,12,42,18,712
0,0,0,12,48,18,713
0,0,0,12,54,18,714
0,0,0,12,60,18,715
0,0,0,12,66,18,716
0,0,0,12,72,18,717
0,0,0,12,78,18,718
0,0,0,12,84,18,719
0,0,0,18,0,18,720
0,0,0,18,6,18,721
0,0,0,18,12,18,722
0,0,0,18,18,18,723
0,0,0,18,24,18,724
0,0,0,18,30,18,725
0,0,0,18,36,18,726
0,0,0,18,42,18,727
0,0,0,18,48,18,728
0,0,0,18,54,18,729
0,0,0,18,60,18,730
0,0,0,18,66,18,731
0,0,0,18,72,18,732
0,0,0,18,78,18,733
0,0,0,18,84,18,734
0,0,0,24,0,18,735
0,0,0,24,6,18,736
0,0,0,24,12,18,737
0,0,0,24,18,18,738
0,0,0,24,24,18,739
0,0,0,24,30,18,740
0,0,0,24,36,18,741
0,0,0,24,42,18,742
0,0,0,24,48,18,743
0,0,0,24,54,18,744
0,0,0,24,60,18,745
0,0,0,24,66,18,746
0,0,0,24,72,18,747
0,0,0,24,78,18,748
0,0,0,24,84,18,749
0,0,0,30,0,18,750
0,0,0,30,6,18,751
0,0,0,30,12,18,752
0,0,0,30,18,18,753
0,0,0,30,24,18,754
0,0,0,30,30,18,755
0,0,0,30,36,18,756
0,0,0,30,42,18,757
0,0,0,30,48,18,758
0,0,0,30,54,18,759
0,0,0,30,60,18,760
0,0,0,30,66,18,761
0,0,0,30,72,18,762
0,0,0,30,78,18,763
0,0,0,30,84,18,764
0,0,0,36,0,18,765
0,0,0,36,6,18,766
0,0,0,36,12,18,767
0,0,0,36,18,18,768
0,0,0,36,24,18,769
0,0,0,36,30,18,770
0,0,0,36,36,18,771
0,0,0,36,42,18,772
0,0,0,36,48,18,773
0,0,0,36,54,18,774
0,0,0,36,60,18,775
0,0,0,36,66,18,776
0,0,0,36,72,18,777
0,0,0,36,78,18,778
0,0,0,36,84,18,779
0,0,0,42,0,18,780
0,0,0,42,6,18,781
0,0,0,42,12,18,782
0,0,0,42,18,18,783
0,0,0,42,24,18,784
0,0,0,42,30,18,785
0,0,0,42,36,18,786
0,0,0,42,42,18,787
0,0,0,42,48,18,788
0,0,0,42,54,18,789
0,0,0,42,60,18,790
0,0,0,42,66,18,791
0,0,0,42,72,18,792
0,0,0,42,78,18,793
0,0,0,42,84,18,794
0,0,0,48,0,18,795
0,0,0,48,6,18,796
0,0,0,48,12,18,797
0,0,0,48,18,18,798
0,0,0,48,24,18,799
0,0,0,48,30,18,800
0,0,0,48,36,18,801
0,0,0,48,42,18,802
0,0,0,48,48,18,803
0,0,0,48,54,18,804
0,0,0,48,60,18,805
0,0,0,48,66,18,806
0,0,0,48,72,18,807
0,0,0,48,78,18,808
0,0,0,48,84,18,809
0,0,0,54,0,18,810
0,0,0,54,6,18,811
0,0,0,54,12,18,812
0,0,0,54,18,18,813
0,0,0,54,24,18,814
0,0,0,54,30,18,815
0,0,0,54,36,18,816
0,0,0,54,42,18,817
0,0,0,54,48,18,818
0,0,0,54,54,18,819
0,0,0,54,60,18,820
0,0,0,54,66,18,821
0,0,0,54,72,18,822
0,0,0,54,78,18,823
0,0,0,54,84,18,824
0,0,0,60,0,18,825
0,0,0,60,6,18,826
0,0,0,60,12,18,827
0,0,0,60,18,18,828
0,0,0,60,24,18,829
0,0,0,60,30,18,830
0,0,0,60,36,18,831
0,0,0,60,42,18,832
0,0,0,60,48,18,833
0,0,0,60,54,18,834
0,0,0,60,60,18,835
0,0,0,60,66,18,836
0,0,0,60,72,18,837
0,0,0,60,78,18,838
0,0,0,60,84,18,839
0,0,0,66,0,18,840
0,0,0,66,6,18,841
0,0,0,66,12,18,842
0,0,0,66,18,18,843
0,0,0,66,24,18,844
0,0,0,66,30,18,845
0,0,0,66,36,18,846
0,0,0,66,42,18,847
0,0,0,66,48,18,848
0,0,0,66,54,18,849
0,0,0,66,60,18,850
0,0,0,66,66,18,851
0,0,0,66,72,18,852
0,0,0,66,78,18,853
0,0,0,66,84,18,854
0,0,0,72,0,18,855
0,0,0,72,6,18,856
0,0,0,72,12,18,857
0,0,0,72,18,18,858
0,0,0,72,24,18,859
0,0,0,72,30,18,860
0,0,0,72,36,18,861
0,0,0,72,42,18,862
0,0,0,72,48,18,863
0,0,0,72,54,18,864
0,0,0,72,60,18,865
0,0,0,72,66,18,866
0,0,0,72,72,18,867
0,0,0,72,78,18,868
0,0,0,72,84,18,869
0,0,0,78,0,18,870
0,0,0,78,6,18,871
0,0,0,78,12,18,872
0,0,0,78,18,18,873
0,0,0,78,24,18,874
0,0,0,78,30,18,875
0,0,0,78,36,18,876
0,0,0,78,42,18,877
0,0,0,78,48,18,878
0,0,0,78,54,18,879
0,0,0,78,60,18,880
0,0,0,78,66,18,881
0,0,0,78,72,18,882
0,0,0,78,78,18,883
0,0,0,78,84,18,884
0,0,0,84,0,18,885
0,0,0,84,6,18,886
0,0,0,84,12,18,887
0,0,0,84,18,18,888
0,0,0,84,24,18,889
0,0,0,84,30,18,890
0,0,0,84,36,18,891
0,0,0,84,42,18,892
0,0,0,84,48,18,893
0,0,0,84,54,18,894
0,0,0,84,60,18,895
0,0,0,84,66,18,896
0,0,0,84,72,18,897
0,0,0,84,78,18,898
0,0,0,84,84,18,899
0,0,0,0,0,24,900
0,0,0,0,6,24,901
0,0,0,0,12,24,902
0,0,0,0,18,24,903
0,0,0,0,24,24,904
0,0,0,0,30,24,905
0,0,0,0,36,24,906
0,0,0,0,42,24,907
0,0,0,0,48,24,908
0,0,0,0,54,24,909
0,0,0,0,60,24,910
0,0,0,0,66,24,911
0,0,0,0,72,24,912
0,0,0,0,78,24,913
0,0,0,0,84,24,914
0,0,0,6,0,24,915
0,0,0,6,6,24,916
0,0,0,6,12,24,917
0,0,0,6,18,24,918
0,0,0,6,24,24,919
0,0,0,6,30,24,920
0,0,0,6,36,24,921
0,0,0,6,42,24,922
0,0,0,6,48,24,923
0,0,0,6,54,24,924
0,0,0,6,60,24,925
0,0,0,6,66,24,926
0,0,0,6,72,24,927
0,0,0,6,78,24,928
0,0,0,6,84,24,929
0,0,0,12,0,24,930
0,0,0,12,6,24,931
0,0,0,12,12,24,932
0,0,0,12,18,24,933
0,0,0,12,24,24,934
0,0,0,12,30,24,935
0,0,0,12,36,24,936
0,0,0,12,42,24,937
0,0,0,12,48,24,938
0,0,0,12,54,24,939
0,0,0,12,60,24,940
0,0,0,12,66,24,941
0,0,0,12,72,24,942
0,0,0,12,78,24,943
0,0,0,12,84,24,944
0,0,0,18,0,24,945
0,0,0,18,6,24,946
0,0,0,18,12,24,947
0,0,0,18,18,24,948
0,0,0,18,24,24,949
0,0,0,18,30,24,950
0,0,0,18,36,24,951
0,0,0,18,42,24,952
0,0,0,18,48,24,953
0,0,0,18,54,24,954
0,0,0,18,60,24,955
0,0,0,18,66,24,956
0,0,0,18,72,24,957
0,0,0,18,78,24,958
0,0,0,18,84,24,959
0,0,0,24,0,24,960
0,0,0,24,6,24,961
0,0,0,24,12,24,962
0,0,0,24,18,24,963
0,0,0,24,24,24,964
0,0,0,24,30,24,965
0,0,0,24,36,24,966
0,0,0,24,42,24,967
0,0,0,24,48,24,968
0,0,0,24,54,24,969
0,0,0,24,60,24,970
0,0,0,24,66,24,971
0,0,0,24,72,24,972
0,0,0,24,78,24,973
0,0,0,24,84,24,974
0,0,0,30,0,24,975
0,0,0,30,6,24,976
0,0,0,30,12,24,977
0,0,0,30,18,24,978
0,0,0,30,24,24,979
0,0,0,30,30,24,980
0,0,0,30,36,24,981
0,0,0,30,42,24,982
0,0,0,30,48,24,983
0,0,0,30,54,24,984
0,0,0,30,60,24,985
0,0,0,30,66,24,986
0,0,0,30,72,24,987
0,0,0,30,78,24,988
0,0,0,30,84,24,989
0,0,0,36,0,24,990
0,0,0,36,6,24,991
0,0,0,36,12,24,992
0,0,0,36,18,24,993
0,0,0,36,24,24,994
0,0,0,36,30,24,995
0,0,0,36,36,24,996
0,0,0,36,42,24,997
0,0,0,36,48,24,998
0,0,0,36,54,24,999
0,0,0,36,60,24,1000
0,0,0,36,66,24,1001
0,0,0,36,72,24,1002
0,0,0,36,78,24,1003
0,0,0,36,84,24,1004
0,0,0,42,0,24,1005
0,0,0,42,6,24,1006
0,0,0,42,12,24,1007
0,0,0,42,18,24,1008
0,0,0,42,24,24,1009
0,0,0,42,30,24,1010
0,0,0,42,36,24,1011
0,0,0,42,42,24,1012
0,0,0,42,48,24,1013
0,0,0,42,54,24,1014
0,0,0,42,60,24,1015
0,0,0,42,66,24,1016
0,0,0,42,72,24,1017
0,0,0,42,78,24,1018
0,0,0,42,84,24,1019
0,0,0,48,0,24,1020
0,0,0,48,6,24,1021
0,0,0,48,12,24,1022
0,0,0,48,18,24,1023
0,0,0,48,24,24,1024
0,0,0,48,30,24,1025
0,0,0,48,36,24,1026
0,0,0,48,42,24,1027
0,0,0,48,48,24,1028
0,0,0,48,54,24,1029
0,0,0,48,60,24,1030
0,0,0,48,66,24,1031
0,0,0,48,72,24,1032
0,0,0,48,78,24,1033
0,0,0,48,84,24,1034
0,0,0,54,0,24,1035
0,0,0,54,6,24,1036
0,0,0,54,12,24,1037
0,0,0,54,18,24,1038
0,0,0,54,24,24,1039
0,0,0,54,30,24,1040
0,0,0,54,36,24,1041
0,0,0,54,42,24,1042
0,0,0,54,48,24,1043
0,0,0,54,54,24,1044
0,0,0,54,60,24,1045
0,0,0,54,66,24,1046
0,0,0,54,72,24,1047
0,0,0,54,78,24,1048
0,0,0,54,84,24,1049
0,0,0,60,0,24,1050
0,0,0,60,6,24,1051
0,0,0,60,12,24,1052
0,0,0,60,18,24,1053
0,0,0,60,24,24,1054
0,0,0,60,30,24,1055
0,0,0,60,36,24,1056
0,0,0,60,42,24,1057
0,0,0,60,48,24,1058
0,0,0,60,54,24,1059
0,0,0,60,60,24,1060
0,0,0,60,66,24,1061
0,0,0,60,72,24,1062
0,0,0,60,78,24,1063
0,0,0,60,84,24,1064
0,0,0,66,0,24,1065
0,0,0,66,6,24,1066
0,0,0,66,12,24,1067
0,0,0,66,18,24,1068
0,0,0,66,24,24,1069
0,0,0,66,30,24,1070
0,0,0,66,36,24,1071
0,0,0,66,42,24,1072
0,0,0,66,48,24,1073
0,0,0,66,54,24,1074
0,0,0,66,60,24,1075
0,0,0,66,66,24,1076
0,0,0,66,72,24,1077
0,0,0,66,78,24,1078
0,0,0,66,84,24,1079
0,0,0,72,0,24,1080
0,0,0,72,6,24,1081
0,0,0,72,12,24,1082
0,0,0,72,18,24,1083
0,0,0,72,24,24,1084
0,0,0,72,30,24,1085
0,0,0,72,36,24,1086
0,0,0,72,42,24,1087
0,0,0,72,48,24,1088
0,0,0,72,54,24,1089
0,0,0,72,60,24,1090
0,0,0,72,66,24,1091
0,0,0,72,72,24,1092
0,0,0,72,78,24,1093
0,0,0,72,84,24,1094
0,0,0,78,0,24,1095
0,0,0,78,6,24,1096
0,0,0,78,12,24,1097
0,0,0,78,18,24,1098
0,0,0,78,24,24,1099
0,0,0,78,30,24,1100
0,0,0,78,36,24,1101
0,0,0,78,42,24,1102
0,0,0,78,48,24,1103
0,0,0,78,54,24,1104
0,0,0,78,60,24,1105
0,0,0,78,66,24,1106
0,0,0,78,72,24,1107
0,0,0,78,78,24,1108
0,0,0,78,84,24,1109
0,0,0,84,0,24,1110
0,0,0,84,6,24,1111
0,0,0,84,12,24,1112
0,0,0,84,18,24,1113
0,0,0,84,24,24,1114
0,0,0,84,30,24,1115
0,0,0,84,36,24,1116
0,0,0,84,42,24,1117
0,0,0,84,48,24,1118
0,0,0,84,54,24,1119
0,0,0,84,60,24,1120
0,0,0,84,66,24,1121
0,0,0,84,72,24,1122
0,0,0,84,78,24,1123
0,0,0,84,84,24,1124
0,0,0,0,0,30,1125
0,0,0,0,6,30,1126
0,0,0,0,12,30,1127
0,0,0,0,18,30,1128
0,0,0,0,24,30,1129
0,0,0,0,30,30,1130
0,0,0,0,36,30,1131
0,0,0,0,42,30,1132
0,0,0,0,48,30,1133
0,0,0,0,54,30,1134
0,0,0,0,60,30,1135
0,0,0,0,66,30,1136
0,0,0,0,72,30,1137
0,0,0,0,78,30,1138
0,0,0,0,84,30,1139
0,0,0,6,0,30,1140
0,0,0,6,6,30,1141
0,0,0,6,12,30,1142
0,0,0,6,18,30,1143
0,0,0,6,24,30,1144
0,0,0,6,30,30,1145
0,0,0,6,36,30,1146
0,0,0,6,42,30,1147
0,0,0,6,48,30,1148
0,0,0,6,54,30,1149
0,0,0,6,60,30,1150
0,0,0,6,66,30,1151
0,0,0,6,72,30,1152
0,0,0,6,78,30,1153
0,0,0,6,84,30,1154
0,0,0,12,0,30,1155
0,0,0,12,6,30,1156
0,0,0,12,12,30,1157
0,0,0,12,18,30,1158
0,0,0,12,24,30,1159
0,0,0,12,30,30,1160
0,0,0,12,36,30,1161
0,0,0,12,42,30,1162
0,0,0,12,48,30,1163
0,0,0,12,54,30,1164
0,0,0,12,60,30,1165
0,0,0,12,66,30,1166
0,0,0,12,72,30,1167
0,0,0,12,78,30,1168
0,0,0,12,84,30,1169
0,0,0,18,0,30,1170
0,0,0,18,6,30,1171
0,0,0,18,12,30,1172
0,0,0,18,18,30,1173
0,0,0,18,24,30,1174
0,0,0,18,30,30,1175
0,0,0,18,36,30,1176
0,0,0,18,42,30,1177
0,0,0,18,48,30,1178
0,0,0,18,54,30,1179
0,0,0,18,60,30,1180
0,0,0,18,66,30,1181
0,0,0,18,72,30,1182
0,0,0,18,78,30,1183
0,0,0,18,84,30,1184
0,0,0,24,0,30,1185
0,0,0,24,6,30,1186
0,0,0,24,12,30,1187
0,0,0,24,18,30,1188
0,0,0,24,24,30,1189
0,0,0,24,30,30,1190
0,0,0,24,36,30,1191
0,0,0,24,42,30,1192
0,0,0,24,48,30,1193
0,0,0,24,54,30,1194
0,0,0,24,60,30,1195
0,0,0,24,66,30,1196
0,0,0,24,72,30,1197
0,0,0,24,78,30,1198
0,0,0,24,84,30,1199
0,0,0,30,0,30,1200
0,0,0,30,6,30,1201
0,0,0,30,12,30,1202
0,0,0,30,18,30,1203
0,0,0,30,24,30,1204
0,0,0,30,30,30,1205
0,0,0,30,36,30,1206
0,0,0,30,42,30,1207
0,0,0,30,48,30,1208
0,0,0,30,54,30,1209
0,0,0,30,60,30,1210
0,0,0,30,66,30,1211
0,0,0,30,72,30,1212
0,0,0,30,78,30,1213
0,0,0,30,84,30,1214
0,0,0,36,0,30,1215
0,0,0,36,6,30,1216
0,0,0,36,12,30,1217
0,0,0,36,18,30,1218
0,0,0,36,24,30,1219
0,0,0,36,30,30,1220
0,0,0,36,36,30,1221
0,0,0,36,42,30,1222
0,0,0,36,48,30,1223
0,0,0,36,54,30,1224
0,0,0,36,60,30,1225
0,0,0,36,66,30,1226
0,0,0,36,72,30,1227
0,0,0,36,78,30,1228
0,0,0,36,84,30,1229
0,0,0,42,0,30,1230
0,0,0,42,6,30,1231
0,0,0,42,12,30,1232
0,0,0,42,18,30,1233
0,0,0,42,24,30,1234
0,0,0,42,30,30,1235
0,0,0,42,36,30,1236
0,0,0,42,42,30,1237
0,0,0,42,48,30,1238
0,0,0,42,54,30,1239
0,0,0,42,60,30,1240
0,0,0,42,66,30,1241
0,0,0,42,72,30,1242
0,0,0,42,78,30,1243
0,0,0,42,84,30,1244
0,0,0,48,0,30,1245
0,0,0,48,6,30,1246
0,0,0,48,12,30,1247
0,0,0,48,18,30,1248
0,0,0,48,24,30,1249
0,0,0,48,30,30,1250
0,0,0,48,36,30,1251
0,0,0,48,42,30,1252
0,0,0,48,48,30,1253
0,0,0,48,54,30,1254
0,0,0,48,60,30,1255
0,0,0,48,66,30,1256
0,0,0,48,72,30,1257
0,0,0,48,78,30,1258
0,0,0,48,84,30,1259
0,0,0,54,0,30,1260
0,0,0,54,6,30,1261
0,0,0,54,12,30,1262
0,0,0,54,18,30,1263
0,0,0,54,24,30,1264
0,0,0,54,30,30,1265
0,0,0,54,36,30,1266
0,0,0,54,42,30,1267
0,0,0,54,48,30,1268
0,0,0,54,54,30,1269
0,0,0,54,60,30,1270
0,0,0,54,66,30,1271
0,0,0,54,72,30,1272
0,0,0,54,78,30,1273
0,0,0,54,84,30,1274
0,0,0,60,0,30,1275
0,0,0,60,6,30,1276
0,0,0,60,12,30,1277
0,0,0,60,18,30,1278
0,0,0,60,24,30,1279
0,0,0,60,30,30,1280
0,0,0,60,36,30,1281
0,0,0,60,42,30,1282
0,0,0,60,48,30,1283
0,0,0,60,54,30,1284
0,0,0,60,60,30,1285
0,0,0,60,66,30,1286
0,0,0,60,72,30,1287
0,0,0,60,78,30,1288
0,0,0,60,84,30,1289
0,0,0,66,0,30,1290
0,0,0,66,6,30,1291
0,0,0,66,12,30,1292
0,0,0,66,18,30,1293
0,0,0,66,24,30,1294
0,0,0,66,30,30,1295
0,0,0,66,36,30,1296
0,0,0,66,42,30,1297
0,0,0,66,48,30,1298
0,0,0,66,54,30,1299
0,0,0,66,60,30,1300
0,0,0,66,66,30,1301
0,0,0,66,72,30,1302
0,0,0,66,78,30,1303
0,0,0,66,84,30,1304
0,0,0,72,0,30,1305
0,0,0,72,6,30,1306
0,0,0,72,12,30,1307
0,0,0,72,18,30,1308
0,0,0,72,24,30,1309
0,0,0,72,30,30,1310
0,0,0,72,36,30,1311
0,0,0,72,42,30,1312
0,0,0,72,48,30,1313
0,0,0,72,54,30,1314
0,0,0,72,60,30,1315
0,0,0,72,66,30,1316
0,0,0,72,72,30,1317
0,0,0,72,78,30,1318
0,0,0,72,84,30,1319
0,0,0,78,0,30,1320
0,0,0,78,6,30,1321
0,0,0,78,12,30,1322
0,0,0,78,18,30,1323
0,0,0,78,24,30,1324
0,0,0,78,30,30,1325
0,0,0,78,36,30,1326
0,0,0,78,42,30,1327
0,0,0,78,48,30,1328
0,0,0,78,54,30,1329
0,0,0,78,60,30,1330
0,0,0,78,66,30,1331
0,0,0,78,72,30,1332
0,0,0,78,78,30,1333
0,0,0,78,84,30,1334
0,0,0,84,0,30,1335
0,0,0,84,6,30,1336
0,0,0,84,12,30,1337
0,0,0,84,18,30,1338
0,0,0,84,24,30,1339
0,0,0,84,30,30,1340
0,0,0,84,36,30,1341
0,0,0,84,42,30,1342
0,0,0,84,48,30,1343
0,0,0,84,54,30,1344
0,0,0,84,60,30,1345
0,0,0,84,66,30,1346
0,0,0,84,72,30,1347
0,0,0,84,78,30,1348
0,0,0,84,84,30,1349
0,0,0,0,0,36,1350
0,0,0,0,6,36,1351
0,0,0,0,12,36,1352
0,0,0,0,18,36,1353
0,0,0,0,24,36,1354
0,0,0,0,30,36,1355
0,0,0,0,36,36,1356
0,0,0,0,42,36,1357
0,0,0,0,48,36,1358
0,0,0,0,54,36,1359
0,0,0,0,60,36,1360
0,0,0,0,66,36,1361
0,0,0,0,72,36,1362
0,0,0,0,78,36,1363
0,0,0,0,84,36,1364
0,0,0,6,0,36,1365
0,0,0,6,6,36,1366
0,0,0,6,12,36,1367
0,0,0,6,18,36,1368
0,0,0,6,24,36,1369
0,0,0,6,30,36,1370
0,0,0,6,36,36,1371
0,0,0,6,42,36,1372
0,0,0,6,48,36,1373
0,0,0,6,54,36,1374
0,0,0,6,60,36,1375
0,0,0,6,66,36,1376
0,0,0,6,72,36,1377
0,0,0,6,78,36,1378
0,0,0,6,84,36,1379
0,0,0,12,0,36,1380
0,0,0,12,6,36,1381
0,0,0,12,12,36,1382
0,0,0,12,18,36,1383
0,0,0,12,24,36,1384
0,0,0,12,30,36,1385
0,0,0,12,36,36,1386
0,0,0,12,42,36,1387
0,0,0,12,48,36,1388
0,0,0,12,54,36,1389
0,0,0,12,60,36,1390
0,0,0,12,66,36,1391
0,0,0,12,72,36,1392
0,0,0,12,78,36,1393
0,0,0,12,84,36,1394
0,0,0,18,0,36,1395
0,0,0,18,6,36,1396
0,0,0,18,12,36,1397
0,0,0,18,18,36,1398
0,0,0,18,24,36,1399
0,0,0,18,30,36,1400
0,0,0,18,36,36,1401
0,0,0,18,42,36,1402
0,0,0,18,48,36,1403
0,0,0,18,54,36,1404
0,0,0,18,60,36,1405
0,0,0,18,66,36,1406
0,0,0,18,72,36,1407
0,0,0,18,78,36,1408
0,0,0,18,84,36,1409
0,0,0,24,0,36,1410
0,0,0,24,6,36,1411
0,0,0,24,12,36,1412
0,0,0,24,18,36,1413
0,0,0,24,24,36,1414
0,0,0,24,30,36,1415
0,0,0,24,36,36,1416
0,0,0,24,42,36,1417
0,0,0,24,48,36,1418
0,0,0,24,54,36,1419
0,0,0,24,60,36,1420
0,0,0,24,66,36,1421
0,0,0,24,72,36,1422
0,0,0,24,78,36,1423
0,0,0,24,84,36,1424
0,0,0,30,0,36,1425
0,0,0,30,6,36,1426
0,0,0,30,12,36,1427
0,0,0,30,18,36,1428
0,0,0,30,24,36,1429
0,0,0,30,30,36,1430
0,0,0,30,36,36,1431
0,0,0,30,42,36,1432
0,0,0,30,48,36,1433
0,0,0,30,54,36,1434
0,0,0,30,60,36,1435
0,0,0,30,66,36,1436
0,0,0,30,72,36,1437
0,0,0,30,78,36,1438
0,0,0,30,84,36,1439
0,0,0,36,0,36,1440
0,0,0,36,6,36,1441
0,0,0,36,12,36,1442
0,0,0,36,18,36,1443
0,0,0,36,24,36,1444
0,0,0,36,30,36,1445
0,0,0,36,36,36,1446
0,0,0,36,42,36,1447
0,0,0,36,48,36,1448
0,0,0,36,54,36,1449
0,0,0,36,60,36,1450
0,0,0,36,66,36,1451
0,0,0,36,72,36,1452
0,0,0,36,78,36,1453
0,0,0,36,84,36,1454
0,0,0,42,0,36,1455
0,0,0,42,6,36,1456
0,0,0,42,12,36,1457
0,0,0,42,18,36,1458
0,0,0,42,24,36,1459
0,0,0,42,30,36,1460
0,0,0,42,36,36,1461
0,0,0,42,42,36,1462
0,0,0,42,48,36,1463
0,0,0,42,54,36,1464
0,0,0,42,60,36,1465
0,0,0,42,66,36,1466
0,0,0,42,72,36,1467
0,0,0,42,78,36,1468
0,0,0,42,84,36,1469
0,0,0,48,0,36,1470
0,0,0,48,6,36,1471
0,0,0,48,12,36,1472
0,0,0,48,18,36,1473
0,0,0,48,24,36,1474
0,0,0,48,30,36,1475
0,0,0,48,36,36,1476
0,0,0,48,42,36,1477
0,0,0,48,48,36,1478
0,0,0,48,54,36,1479
0,0,0,48,60,36,1480
0,0,0,48,66,36,1481
0,0,0,48,72,36,1482
0,0,0,48,78,36,1483
0,0,0,48,84,36,1484
0,0,0,54,0,36,1485
0,0,0,54,6,36,1486
0,0,0,54,12,36,1487
0,0,0,54,18,36,1488
0,0,0,54,24,36,1489
0,0,0,54,30,36,1490
0,0,0,54,36,36,1491
0,0,0,54,42,36,1492
0,0,0,54,48,36,1493
0,0,0,54,54,36,1494
0,0,0,54,60,36,1495
0,0,0,54,66,36,1496
0,0,0,54,72,36,1497
0,0,0,54,78,36,1498
0,0,0,54,84,36,1499
0,0,0,60,0,36,1500
0,0,0,60,6,36,1501
0,0,0,60,12,36,1502
0,0,0,60,18,36,1503
0,0,0,60,24,36,1504
0,0,0,60,30,36,1505
0,0,0,60,36,36,1506
0,0,0,60,42,36,1507
0,0,0,60,48,36,1508
0,0,0,60,54,36,1509
0,0,0,60,60,36,1510
0,0,0,60,66,36,1511
0,0,0,60,72,36,1512
0,0,0,60,78,36,1513
0,0,0,60,84,36,1514
0,0,0,66,0,36,1515
0,0,0,66,6,36,1516
0,0,0,66,12,36,1517
0,0,0,66,18,36,1518
0,0,0,66,24,36,1519
0,0,0,66,30,36,1520
0,0,0,66,36,36,1521
0,0,0,66,42,36,1522
0,0,0,66,48,36,1523
0,0,0,66,54,36,1524
0,0,0,66,60,36,1525
0,0,0,66,66,36,1526
0,0,0,66,72,36,1527
0,0,0,66,78,36,1528
0,0,0,66,84,36,1529
0,0,0,72,0,36,1530
0,0,0,72,6,36,1531
0,0,0,72,12,36,1532
0,0,0,72,18,36,1533
0,0,0,72,24,36,1534
0,0,0,72,30,36,1535
0,0,0,72,36,36,1536
0,0,0,72,42,36,1537
0,0,0,72,48,36,1538
0,0,0,72,54,36,1539
0,0,0,72,60,36,1540
0,0,0,72,66,36,1541
0,0,0,72,72,36,1542
0,0,0,72,78,36,1543
0,0,0,72,84,36,1544
0,0,0,78,0,36,1545
0,0,0,78,6,36,1546
0,0,0,78,12,36,1547
0,0,0,78,18,36,1548
0,0,0,78,24,36,1549
0,0,0,78,30,36,1550
0,0,0,78,36,36,1551
0,0,0,78,42,36,1552
0,0,0,78,48,36,1553
0,0,0,78,54,36,1554
0,0,0,78,60,36,1555
0,0,0,78,66,36,1556
0,0,0,78,72,36,1557
0,0,0,78,78,36,1558
0,0,0,78,84,36,1559
0,0,0,84,0,36,1560
0,0,0,84,6,36,1561
0,0,0,84,12,36,1562
0,0,0,84,18,36,1563
0,0,0,84,24,36,1564
0,0,0,84,30,36,1565
0,0,0,84,36,36,1566
0,0,0,84,42,36,1567
0,0,0,84,48,36,1568
0,0,0,84,54,36,1569
0,0,0,84,60,36,1570
0,0,0,84,66,36,1571
0,0,0,84,72,36,1572
0,0,0,84,78,36,1573
0,0,0,84,84,36,1574
0,0,0,0,0,42,1575
0,0,0,0,6,42,1576
0,0,0,0,12,42,1577
0,0,0,0,18,42,1578
0,0,0,0,24,42,1579
0,0,0,0,30,42,1580
0,0,0,0,36,42,1581
0,0,0,0,42,42,1582
0,0,0,0,48,42,1583
0,0,0,0,54,42,1584
0,0,0,0,60,42,1585
0,0,0,0,66,42,1586
0,0,0,0,72,42,1587
0,0,0,0,78,42,1588
0,0,0,0,84,42,1589
0,0,0,6,0,42,1590
0,0,0,6,6,42,1591
0,0,0,6,12,42,1592
0,0,0,6,18,42,1593
0,0,0,6,24,42,1594
0,0,0,6,30,42,1595
0,0,0,6,36,42,1596
0,0,0,6,42,42,1597
0,0,0,6,48,42,1598
0,0,0,6,54,42,1599
0,0,0,6,60,42,1600
0,0,0,6,66,42,1601
0,0,0,6,72,42,1602
0,0,0,6,78,42,1603
0,0,0,6,84,42,1604
0,0,0,12,0,42,1605
0,0,0,12,6,42,1606
0,0,0,12,12,42,1607
0,0,0,12,18,42,1608
0,0,0,12,24,42,1609
0,0,0,12,30,42,1610
0,0,0,12,36,42,1611
0,0,0,12,42,42,1612
0,0,0,12,48,42,1613
0,0,0,12,54,42,1614
0,0,0,12,60,42,1615
0,0,0,12,66,42,1616
0,0,0,12,72,42,1617
0,0,0,12,78,42,1618
0,0,0,12,84,42,1619
0,0,0,18,0,42,1620
0,0,0,18,6,42,1621
0,0,0,18,12,42,1622
0,0,0,18,18,42,1623
0,0,0,18,24,42,1624
0,0,0,18,30,42,1625
0,0,0,18,36,42,1626
0,0,0,18,42,42,1627
0,0,0,18,48,42,1628
0,0,0,18,54,42,1629
0,0,0,18,60,42,1630
0,0,0,18,66,42,1631
0,0,0,18,72,42,1632
0,0,0,18,78,42,1633
0,0,0,18,84,42,1634
0,0,0,24,0,42,1635
0,0,0,24,6,42,1636
0,0,0,24,12,42,1637
0,0,0,24,18,42,1638
0,0,0,24,24,42,1639
0,0,0,24,30,42,1640
0,0,0,24,36,42,1641
0,0,0,24,42,42,1642
0,0,0,24,48,42,1643
0,0,0,24,54,42,1644
0,0,0,24,60,42,1645
0,0,0,24,66,42,1646
0,0,0,24,72,42,1647
0,0,0,24,78,42,1648
0,0,0,24,84,42,1649
0,0,0,30,0,42,1650
0,0,0,30,6,42,1651
0,0,0,30,12,42,1652
0,0,0,30,18,42,1653
0,0,0,30,24,42,1654
0,0,0,30,30,42,1655
0,0,0,30,36,42,1656
0,0,0,30,42,42,1657
0,0,0,30,48,42,1658
0,0,0,30,54,42,1659
0,0,0,30,60,42,1660
0,0,0,30,66,42,1661
0,0,0,30,72,42,1662
0,0,0,30,78,42,1663
0,0,0,30,84,42,1664
0,0,0,36,0,42,1665
0,0,0,36,6,42,1666
0,0,0,36,12,42,1667
0,0,0,36,18,42,1668
0,0,0,36,24,42,1669
0,0,0,36,30,42,1670
0,0,0,36,36,42,1671
0,0,0,36,42,42,1672
0,0,0,36,48,42,1673
0,0,0,36,54,42,1674
0,0,0,36,60,42,1675
0,0,0,36,66,42,1676
0,0,0,36,72,42,1677
0,0,0,36,78,42,1678
0,0,0,36,84,42,1679
0,0,0,42,0,42,1680
0,0,0,42,6,42,1681
0,0,0,42,12,42,1682
0,0,0,42,18,42,1683
0,0,0,42,24,42,1684
0,0,0,42,30,42,1685
0,0,0,42,36,42,1686
0,0,0,42,42,42,1687
0,0,0,42,48,42,1688
0,0,0,42,54,42,1689
0,0,0,42,60,42,1690
0,0,0,42,66,42,1691
0,0,0,42,72,42,1692
0,0,0,42,78,42,1693
0,0,0,42,84,42,1694
0,0,0,48,0,42,1695
0,0,0,48,6,42,1696
0,0,0,48,12,42,1697
0,0,0,48,18,42,1698
0,0,0,48,24,42,1699
0,0,0,48,30,42,1700
0,0,0,48,36,42,1701
0,0,0,48,42,42,1702
0,0,0,48,48,42,1703
0,0,0,48,54,42,1704
0,0,0,48,60,42,1705
0,0,0,48,66,42,1706
0,0,0,48,72,42,1707
0,0,0,48,78,42,1708
0,0,0,48,84,42,1709
0,0,0,54,0,42,1710
0,0,0,54,6,42,1711
0,0,0,54,12,42,1712
0,0,0,54,18,42,1713
0,0,0,54,24,42,1714
0,0,0,54,30,42,1715
0,0,0,54,36,42,1716
0,0,0,54,42,42,1717
0,0,0,54,48,42,1718
0,0,0,54,54,42,1719
0,0,0,54,60,42,1720
0,0,0,54,66,42,1721
0,0,0,54,72,42,1722
0,0,0,54,78,42,1723
0,0,0,54,84,42,1724
0,0,0,60,0,42,1725
0,0,0,60,6,42,1726
0,0,0,60,12,42,1727
0,0,0,60,18,42,1728
0,0,0,60,24,42,1729
0,0,0,60,30,42,1730
0,0,0,60,36,42,1731
0,0,0,60,42,42,1732
0,0,0,60,48,42,1733
0,0,0,60,54,42,1734
0,0,0,60,60,42,1735
0,0,0,60,66,42,1736
0,0,0,60,72,42,1737
0,0,0,60,78,42,1738
0,0,0,60,84,42,1739
0,0,0,66,0,42,1740
0,0,0,66,6,42,1741
0,0,0,66,12,42,1742
0,0,0,66,18,42,1743
0,0,0,66,24,42,1744
0,0,0,66,30,42,1745
0,0,0,66,36,42,1746
0,0,0,66,42,42,1747
0,0,0,66,48,42,1748
0,0,0,66,54,42,1749
0,0,0,66,60,42,1750
0,0,0,66,66,42,1751
0,0,0,66,72,42,1752
0,0,0,66,78,42,1753
0,0,0,66,84,42,1754
0,0,0,72,0,42,1755
0,0,0,72,6,42,1756
0,0,0,72,12,42,1757
0,0,0,72,18,42,1758
0,0,0,72,24,42,1759
0,0,0,72,30,42,1760
0,0,0,72,36,42,1761
0,0,0,72,42,42,1762
0,0,0,72,48,42,1763
0,0,0,72,54,42,1764
0,0,0,72,60,42,1765
0,0,0,72,66,42,1766
0,0,0,72,72,42,1767
0,0,0,72,78,42,1768
0,0,0,72,84,42,1769
0,0,0,78,0,42,1770
0,0,0,78,6,42,1771
0,0,0,78,12,42,1772
0,0,0,78,18,42,1773
0,0,0,78,24,42,1774
0,0,0,78,30,42,1775
0,0,0,78,36,42,1776
0,0,0,78,42,42,1777
0,0,0,78,48,42,1778
0,0,0,78,54,42,1779
0,0,0,78,60,42,1780
0,0,0,78,66,42,1781
0,0,0,78,72,42,1782
0,0,0,78,78,42,1783
0,0,0,78,84,42,1784
0,0,0,84,0,42,1785
0,0,0,84,6,42,1786
0,0,0,84,12,42,1787
0,0,0,84,18,42,1788
0,0,0,84,24,42,1789
0,0,0,84,30,42,1790
0,0,0,84,36,42,1791
0,0,0,84,42,42,1792
0,0,0,84,48,42,1793
0,0,0,84,54,42,1794
0,0,0,84,60,42,1795
0,0,0,84,66,42,1796
0,0,0,84,72,42,1797
0,0,0,84,78,42,1798
0,0,0,84,84,42,1799
0,0,0,0,0,48,1800
0,0,0,0,6,48,1801
0,0,0,0,12,48,1802
0,0,0,0,18,48,1803
0,0,0,0,24,48,1804
0,0,0,0,30,48,1805
0,0,0,0,36,48,1806
0,0,0,0,42,48,1807
0,0,0,0,48,48,1808
0,0,0,0,54,48,1809
0,0,0,0,60,48,1810
0,0,0,0,66,48,1811
0,0,0,0,72,48,1812
0,0,0,0,78,48,1813
0,0,0,0,84,48,1814
0,0,0,6,0,48,1815
0,0,0,6,6,48,1816
0,0,0,6,12,48,1817
0,0,0,6,18,48,1818
0,0,0,6,24,48,1819
0,0,0,6,30,48,1820
0,0,0,6,36,48,1821
0,0,0,6,42,48,1822
0,0,0,6,48,48,1823
0,0,0,6,54,48,1824
0,0,0,6,60,48,1825
0,0,0,6,66,48,1826
0,0,0,6,72,48,1827
0,0,0,6,78,48,1828
0,0,0,6,84,48,1829
0,0,0,12,0,48,1830
0,0,0,12,6,48,1831
0,0,0,12,12,48,1832
0,0,0,12,18,48,1833
0,0,0,12,24,48,1834
0,0,0,12,30,48,1835
0,0,0,12,36,48,1836
0,0,0,12,42,48,1837
0,0,0,12,48,48,1838
0,0,0,12,54,48,1839
0,0,0,12,60,48,1840
0,0,0,12,66,48,1841
0,0,0,12,72,48,1842
0,0,0,12,78,48,1843
0,0,0,12,84,48,1844
0,0,0,18,0,48,1845
0,0,0,18,6,48,1846
0,0,0,18,12,48,1847
0,0,0,18,18,48,1848
0,0,0,18,24,48,1849
0,0,0,18,30,48,1850
0,0,0,18,36,48,1851
0,0,0,18,42,48,1852
0,0,0,18,48,48,1853
0,0,0,18,54,48,1854
0,0,0,18,60,48,1855
0,0,0,18,66,48,1856
0,0,0,18,72,48,1857
0,0,0,18,78,48,1858
0,0,0,18,84,48,1859
0,0,0,24,0,48,1860
0,0,0,24,6,48,1861
0,0,0,24,12,48,1862
0,0,0,24,18,48,1863
0,0,0,24,24,48,1864
0,0,0,24,30,48,1865
0,0,0,24,36,48,1866
0,0,0,24,42,48,1867
0,0,0,24,48,48,1868
0,0,0,24,54,48,1869
0,0,0,24,60,48,1870
0,0,0,24,66,48,1871
0,0,0,24,72,48,1872
0,0,0,24,78,48,1873
0,0,0,24,84,48,1874
0,0,0,30,0,48,1875
0,0,0,30,6,48,1876
0,0,0,30,12,48,1877
0,0,0,30,18,48,1878
0,0,0,30,24,48,1879
0,0,0,30,30,48,1880
0,0,0,30,36,48,1881
0,0,0,30,42,48,1882
0,0,0,30,48,48,1883
0,0,0,30,54,48,1884
0,0,0,30,60,48,1885
0,0,0,30,66,48,1886
0,0,0,30,72,48,1887
0,0,0,30,78,48,1888
0,0,0,30,84,48,1889
0,0,0,36,0,48,1890
0,0,0,36,6,48,1891
0,0,0,36,12,48,1892
0,0,0,36,18,48,1893
0,0,0,36,24,48,1894
0,0,0,36,30,48,1895
0,0,0,36,36,48,1896
0,0,0,36,42,48,1897
0,0,0,36,48,48,1898
0,0,0,36,54,48,1899
0,0,0,36,60,48,1900
0,0,0,36,66,48,1901
0,0,0,36,72,48,1902
0,0,0,36,78,48,1903
0,0,0,36,84,48,1904
0,0,0,42,0,48,1905
0,0,0,42,6,48,1906
0,0,0,42,12,48,1907
0,0,0,42,18,48,1908
0,0,0,42,24,48,1909
0,0,0,42,30,48,1910
0,0,0,42,36,48,1911
0,0,0,42,42,48,1912
0,0,0,42,48,48,1913
0,0,0,42,54,48,1914
0,0,0,42,60,48,1915
0,0,0,42,66,48,1916
0,0,0,42,72,48,1917
0,0,0,42,78,48,1918
0,0,0,42,84,48,1919
0,0,0,48,0,48,1920
0,0,0,48,6,48,1921
0,0,0,48,12,48,1922
0,0,0,48,18,48,1923
0,0,0,48,24,48,1924
0,0,0,48,30,48,1925
0,0,0,48,36,48,1926
0,0,0,48,42,48,1927
0,0,0,48,48,48,1928
0,0,0,48,54,48,1929
0,0,0,48,60,48,1930
0,0,0,48,66,48,1931
0,0,0,48,72,48,1932
0,0,0,48,78,48,1933
0,0,0,48,84,48,1934
0,0,0,54,0,48,1935
0,0,0,54,6,48,1936
0,0,0,54,12,48,1937
0,0,0,54,18,48,1938
0,0,0,54,24,48,1939
0,0,0,54,30,48,1940
0,0,0,54,36,48,1941
0,0,0,54,42,48,1942
0,0,0,54,48,48,1943
0,0,0,54,54,48,1944
0,0,0,54,60,48,1945
0,0,0,54,66,48,1946
0,0,0,54,72,48,1947
0,0,0,54,78,48,1948
0,0,0,54,84,48,1949
0,0,0,60,0,48,1950
0,0,0,60,6,48,1951
0,0,0,60,12,48,1952
0,0,0,60,18,48,1953
0,0,0,60,24,48,1954
0,0,0,60,30,48,1955
0,0,0,60,36,48,1956
0,0,0,60,42,48,1957
0,0,0,60,48,48,1958
0,0,0,60,54,48,1959
0,0,0,60,60,48,1960
0,0,0,60,66,48,1961
0,0,0,60,72,48,1962
0,0,0,60,78,48,1963
0,0,0,60,84,48,1964
0,0,0,66,0,48,1965
0,0,0,66,6,48,1966
0,0,0,66,12,48,1967
0,0,0,66,18,48,1968
0,0,0,66,24,48,1969
0,0,0,66,30,48,1970
0,0,0,66,36,48,1971
0,0,0,66,42,48,1972
0,0,0,66,48,48,1973
0,0,0,66,54,48,1974
0,0,0,66,60,48,1975
0,0,0,66,66,48,1976
0,0,0,66,72,48,1977
0,0,0,66,78,48,1978
0,0,0,66,84,48,1979
0,0,0,72,0,48,1980
0,0,0,72,6,48,1981
0,0,0,72,12,48,1982
0,0,0,72,18,48,1983
0,0,0,72,24,48,1984
0,0,0,72,30,48,1985
0,0,0,72,36,48,1986
0,0,0,72,42,48,1987
0,0,0,72,48,48,1988
0,0,0,72,54,48,1989
0,0,0,72,60,48,1990
0,0,0,72,66,48,1991
0,0,0,72,72,48,1992
0,0,0,72,78,48,1993
0,0,0,72,84,48,1994
0,0,0,78,0,48,1995
0,0,0,78,6,48,1996
0,0,0,78,12,48,1997
0,0,0,78,18,48,1998
0,0,0,78,24,48,1999
0,0,0,78,30,48,2000
0,0,0,78,36,48,2001
0,0,0,78,42,48,2002
0,0,0,78,48,48,2003
0,0,0,78,54,48,2004
0,0,0,78,60,48,2005
0,0,0,78,66,48,2006
0,0,0,78,72,48,2007
0,0,0,78,78,48,2008
0,0,0,78,84,48,2009
0,0,0,84,0,48,2010
0,0,0,84,6,48,2011
0,0,0,84,12,48,2012
0,0,0,84,18,48,2013
0,0,0,84,24,48,2014
0,0,0,84,30,48,2015
0,0,0,84,36,48,2016
0,0,0,84,42,48,2017
0,0,0,84,48,48,2018
0,0,0,84,54,48,2019
0,0,0,84,60,48,2020
0,0,0,84,66,48,2021
0,0,0,84,72,48,2022
0,0,0,84,78,48,2023
0,0,0,84,84,48,2024
0,0,0,0,0,54,2025
0,0,0,0,6,54,2026
0,0,0,0,12,54,2027
0,0,0,0,18,54,2028
0,0,0,0,24,54,2029
0,0,0,0,30,54,2030
0,0,0,0,36,54,2031
0,0,0,0,42,54,2032
0,0,0,0,48,54,2033
0,0,0,0,54,54,2034
0,0,0,0,60,54,2035
0,0,0,0,66,54,2036
0,0,0,0,72,54,2037
0,0,0,0,78,54,2038
0,0,0,0,84,54,2039
0,0,0,6,0,54,2040
0,0,0,6,6,54,2041
0,0,0,6,12,54,2042
0,0,0,6,18,54,2043
0,0,0,6,24,54,2044
0,0,0,6,30,54,2045
0,0,0,6,36,54,2046
0,0,0,6,42,54,2047
0,0,0,6,48,54,2048
0,0,0,6,54,54,2049
0,0,0,6,60,54,2050
0,0,0,6,66,54,2051
0,0,0,6,72,54,2052
0,0,0,6,78,54,2053
0,0,0,6,84,54,2054
0,0,0,12,0,54,2055
0,0,0,12,6,54,2056
0,0,0,12,12,54,2057
0,0,0,12,18,54,2058
0,0,0,12,24,54,2059
0,0,0,12,30,54,2060
0,0,0,12,36,54,2061
0,0,0,12,42,54,2062
0,0,0,12,48,54,2063
0,0,0,12,54,54,2064
0,0,0,12,60,54,2065
0,0,0,12,66,54,2066
0,0,0,12,72,54,2067
0,0,0,12,78,54,2068
0,0,0,12,84,54,2069
0,0,0,18,0,54,2070
0,0,0,18,6,54,2071
0,0,0,18,12,54,2072
0,0,0,18,18,54,2073
0,0,0,18,24,54,2074
0,0,0,18,30,54,2075
0,0,0,18,36,54,2076
0,0,0,18,42,54,2077
0,0,0,18,48,54,2078
0,0,0,18,54,54,2079
0,0,0,18,60,54,2080
0,0,0,18,66,54,2081
0,0,0,18,72,54,2082
0,0,0,18,78,54,2083
0,0,0,18,84,54,2084
0,0,0,24,0,54,2085
0,0,0,24,6,54,2086
0,0,0,24,12,54,2087
0,0,0,24,18,54,2088
0,0,0,24,24,54,2089
0,0,0,24,30,54,2090
0,0,0,24,36,54,2091
0,0,0,24,42,54,2092
0,0,0,24,48,54,2093
0,0,0,24,54,54,2094
0,0,0,24,60,54,2095
0,0,0,24,66,54,2096
0,0,0,24,72,54,2097
0,0,0,24,78,54,2098
0,0,0,24,84,54,2099
0,0,0,30,0,54,2100
0,0,0,30,6,54,2101
0,0,0,30,12,54,2102
0,0,0,30,18,54,2103
0,0,0,30,24,54,2104
0,0,0,30,30,54,2105
0,0,0,30,36,54,2106
0,0,0,30,42,54,2107
0,0,0,30,48,54,2108
0,0,0,30,54,54,2109
0,0,0,30,60,54,2110
0,0,0,30,66,54,2111
0,0,0,30,72,54,2112
0,0,0,30,78,54,2113
0,0,0,30,84,54,2114
0,0,0,36,0,54,2115
0,0,0,36,6,54,2116
0,0,0,36,12,54,2117
0,0,0,36,18,54,2118
0,0,0,36,24,54,2119
0,0,0,36,30,54,2120
0,0,0,36,36,54,2121
0,0,0,36,42,54,2122
0,0,0,36,48,54,2123
0,0,0,36,54,54,2124
0,0,0,36,60,54,2125
0,0,0,36,66,54,2126
0,0,0,36,72,54,2127
0,0,0,36,78,54,2128
0,0,0,36,84,54,2129
0,0,0,42,0,54,2130
0,0,0,42,6,54,2131
0,0,0,42,12,54,2132
0,0,0,42,18,54,2133
0,0,0,42,24,54,2134
0,0,0,42,30,54,2135
0,0,0,42,36,54,2136
0,0,0,42,42,54,2137
0,0,0,42,48,54,2138
0,0,0,42,54,54,2139
0,0,0,42,60,54,2140
0,0,0,42,66,54,2141
0,0,0,42,72,54,2142
0,0,0,42,78,54,2143
0,0,0,42,84,54,2144
0,0,0,48,0,54,2145
0,0,0,48,6,54,2146
0,0,0,48,12,54,2147
0,0,0,48,18,54,2148
0,0,0,48,24,54,2149
0,0,0,48,30,54,2150
0,0,0,48,36,54,2151
0,0,0,48,42,54,2152
0,0,0,48,48,54,2153
0,0,0,48,54,54,2154
0,0,0,48,60,54,2155
0,0,0,48,66,54,2156
0,0,0,48,72,54,2157
0,0,0,48,78,54,2158
0,0,0,48,84,54,2159
0,0,0,54,0,54,2160
0,0,0,54,6,54,2161
0,0,0,54,12,54,2162
0,0,0,54,18,54,2163
0,0,0,54,24,54,2164
0,0,0,54,30,54,2165
0,0,0,54,36,54,2166
0,0,0,54,42,54,2167
0,0,0,54,48,54,2168
0,0,0,54,54,54,2169
0,0,0,54,60,54,2170
0,0,0,54,66,54,2171
0,0,0,54,72,54,2172
0,0,0,54,78,54,2173
0,0,0,54,84,54,2174
0,0,0,60,0,54,2175
0,0,0,60,6,54,2176
0,0,0,60,12,54,2177
0,0,0,60,18,54,2178
0,0,0,60,24,54,2179
0,0,0,60,30,54,2180
0,0,0,60,36,54,2181
0,0,0,60,42,54,2182
0,0,0,60,48,54,2183
0,0,0,60,54,54,2184
0,0,0,60,60,54,2185
0,0,0,60,66,54,2186
0,0,0,60,72,54,2187
0,0,0,60,78,54,2188
0,0,0,60,84,54,2189
0,0,0,66,0,54,2190
0,0,0,66,6,54,2191
0,0,0,66,12,54,2192
0,0,0,66,18,54,2193
0,0,0,66,24,54,2194
0,0,0,66,30,54,2195
0,0,0,66,36,54,2196
0,0,0,66,42,54,2197
0,0,0,66,48,54,2198
0,0,0,66,54,54,2199
0,0,0,66,60,54,2200
0,0,0,66,66,54,2201
0,0,0,66,72,54,2202
0,0,0,66,78,54,2203
0,0,0,66,84,54,2204
0,0,0,72,0,54,2205
0,0,0,72,6,54,2206
0,0,0,72,12,54,2207
0,0,0,72,18,54,2208
0,0,0,72,24,54,2209
0,0,0,72,30,54,2210
0,0,0,72,36,54,2211
0,0,0,72,42,54,2212
0,0,0,72,48,54,2213
0,0,0,72,54,54,2214
0,0,0,72,60,54,2215
0,0,0,72,66,54,2216
0,0,0,72,72,54,2217
0,0,0,72,78,54,2218
0,0,0,72,84,54,2219
0,0,0,78,0,54,2220
0,0,0,78,6,54,2221
0,0,0,78,12,54,2222
0,0,0,78,18,54,2223
0,0,0,78,24,54,2224
0,0,0,78,30,54,2225
0,0,0,78,36,54,2226
0,0,0,78,42,54,2227
0,0,0,78,48,54,2228
0,0,0,78,54,54,2229
0,0,0,78,60,54,2230
0,0,0,78,66,54,2231
0,0,0,78,72,54,2232
0,0,0,78,78,54,2233
0,0,0,78,84,54,2234
0,0,0,84,0,54,2235
0,0,0,84,6,54,2236
0,0,0,84,12,54,2237
0,0,0,84,18,54,2238
0,0,0,84,24,54,2239
0,0,0,84,30,54,2240
0,0,0,84,36,54,2241
0,0,0,84,42,54,2242
0,0,0,84,48,54,2243
0,0,0,84,54,54,2244
0,0,0,84,60,54,2245
0,0,0,84,66,54,2246
0,0,0,84,72,54,2247
0,0,0,84,78,54,2248
0,0,0,84,84,54,2249
0,0,0,0,0,60,2250
0,0,0,0,6,60,2251
0,0,0,0,12,60,2252
0,0,0,0,18,60,2253
0,0,0,0,24,60,2254
0,0,0,0,30,60,2255
0,0,0,0,36,60,2256
0,0,0,0,42,60,2257
0,0,0,0,48,60,2258
0,0,0,0,54,60,2259
0,0,0,0,60,60,2260
0,0,0,0,66,60,2261
0,0,0,0,72,60,2262
0,0,0,0,78,60,2263
0,0,0,0,84,60,2264
0,0,0,6,0,60,2265
0,0,0,6,6,60,2266
0,0,0,6,12,60,2267
0,0,0,6,18,60,2268
0,0,0,6,24,60,2269
0,0,0,6,30,60,2270
0,0,0,6,36,60,2271
0,0,0,6,42,60,2272
0,0,0,6,48,60,2273
0,0,0,6,54,60,2274
0,0,0,6,60,60,2275
0,0,0,6,66,60,2276
0,0,0,6,72,60,2277
0,0,0,6,78,60,2278
0,0,0,6,84,60,2279
0,0,0,12,0,60,2280
0,0,0,12,6,60,2281
0,0,0,12,12,60,2282
0,0,0,12,18,60,2283
0,0,0,12,24,60,2284
0,0,0,12,30,60,2285
0,0,0,12,36,60,2286
0,0,0,12,42,60,2287
0,0,0,12,48,60,2288
0,0,0,12,54,60,2289
0,0,0,12,60,60,2290
0,0,0,12,66,60,2291
0,0,0,12,72,60,2292
0,0,0,12,78,60,2293
0,0,0,12,84,60,2294
0,0,0,18,0,60,2295
0,0,0,18,6,60,2296
0,0,0,18,12,60,2297
0,0,0,18,18,60,2298
0,0,0,18,24,60,2299
0,0,0,18,30,60,2300
0,0,0,18,36,60,2301
0,0,0,18,42,60,2302
0,0,0,18,48,60,2303
0,0,0,18,54,60,2304
0,0,0,18,60,60,2305
0,0,0,18,66,60,2306
0,0,0,18,72,60,2307
0,0,0,18,78,60,2308
0,0,0,18,84,60,2309
0,0,0,24,0,60,2310
0,0,0,24,6,60,2311
0,0,0,24,12,60,2312
0,0,0,24,18,60,2313
0,0,0,24,24,60,2314
0,0,0,24,30,60,2315
0,0,0,24,36,60,2316
0,0,0,24,42,60,2317
0,0,0,24,48,60,2318
0,0,0,24,54,60,2319
0,0,0,24,60,60,2320
0,0,0,24,66,60,2321
0,0,0,24,72,60,2322
0,0,0,24,78,60,2323
0,0,0,24,84,60,2324
0,0,0,30,0,60,2325
0,0,0,30,6,60,2326
0,0,0,30,12,60,2327
0,0,0,30,18,60,2328
0,0,0,30,24,60,2329
0,0,0,30,30,60,2330
0,0,0,30,36,60,2331
0,0,0,30,42,60,2332
0,0,0,30,48,60,2333
0,0,0,30,54,60,2334
0,0,0,30,60,60,2335
0,0,0,30,66,60,2336
0,0,0,30,72,60,2337
0,0,0,30,78,60,2338
0,0,0,30,84,60,2339
0,0,0,36,0,60,2340
0,0,0,36,6,60,2341
0,0,0,36,12,60,2342
0,0,0,36,18,60,2343
0,0,0,36,24,60,2344
0,0,0,36,30,60,2345
0,0,0,36,36,60,2346
0,0,0,36,42,60,2347
0,0,0,36,48,60,2348
0,0,0,36,54,60,2349
0,0,0,36,60,60,2350
0,0,0,36,66,60,2351
0,0,0,36,72,60,2352
0,0,0,36,78,60,2353
0,0,0,36,84,60,2354
0,0,0,42,0,60,2355
0,0,0,42,6,60,2356
0,0,0,42,12,60,2357
0,0,0,42,18,60,2358
0,0,0,42,24,60,2359
0,0,0,42,30,60,2360
0,0,0,42,36,60,2361
0,0,0,42,42,60,2362
0,0,0,42,48,60,2363
0,0,0,42,54,60,2364
0,0,0,42,60,60,2365
0,0,0,42,66,60,2366
0,0,0,42,72,60,2367
0,0,0,42,78,60,2368
0,0,0,42,84,60,2369
0,0,0,48,0,60,2370
0,0,0,48,6,60,2371
0,0,0,48,12,60,2372
0,0,0,48,18,60,2373
0,0,0,48,24,60,2374
0,0,0,48,30,60,2375
0,0,0,48,36,60,2376
0,0,0,48,42,60,2377
0,0,0,48,48,60,2378
0,0,0,48,54,60,2379
0,0,0,48,60,60,2380
0,0,0,48,66,60,2381
0,0,0,48,72,60,2382
0,0,0,48,78,60,2383
0,0,0,48,84,60,2384
0,0,0,54,0,60,2385
0,0,0,54,6,60,2386
0,0,0,54,12,60,2387
0,0,0,54,18,60,2388
0,0,0,54,24,60,2389
0,0,0,54,30,60,2390
0,0,0,54,36,60,2391
0,0,0,54,42,60,2392
0,0,0,54,48,60,2393
0,0,0,54,54,60,2394
0,0,0,54,60,60,2395
0,0,0,54,66,60,2396
0,0,0,54,72,60,2397
0,0,0,54,78,60,2398
0,0,0,54,84,60,2399
0,0,0,60,0,60,2400
0,0,0,60,6,60,2401
0,0,0,60,12,60,2402
0,0,0,60,18,60,2403
0,0,0,60,24,60,2404
0,0,0,60,30,60,2405
0,0,0,60,36,60,2406
0,0,0,60,42,60,2407
0,0,0,60,48,60,2408
0,0,0,60,54,60,2409
0,0,0,60,60,60,2410
0,0,0,60,66,60,2411
0,0,0,60,72,60,2412
0,0,0,60,78,60,2413
0,0,0,60,84,60,2414
0,0,0,66,0,60,2415
0,0,0,66,6,60,2416
0,0,0,66,12,60,2417
0,0,0,66,18,60,2418
0,0,0,66,24,60,2419
0,0,0,66,30,60,2420
0,0,0,66,36,60,2421
0,0,0,66,42,60,2422
0,0,0,66,48,60,2423
0,0,0,66,54,60,2424
0,0,0,66,60,60,2425
0,0,0,66,66,60,2426
0,0,0,66,72,60,2427
0,0,0,66,78,60,2428
0,0,0,66,84,60,2429
0,0,0,72,0,60,2430
0,0,0,72,6,60,2431
0,0,0,72,12,60,2432
0,0,0,72,18,60,2433
0,0,0,72,24,60,2434
0,0,0,72,30,60,2435
0,0,0,72,36,60,2436
0,0,0,72,42,60,2437
0,0,0,72,48,60,2438
0,0,0,72,54,60,2439
0,0,0,72,60,60,2440
0,0,0,72,66,60,2441
0,0,0,72,72,60,2442
0,0,0,72,78,60,2443
0,0,0,72,84,60,2444
0,0,0,78,0,60,2445
0,0,0,78,6,60,2446
0,0,0,78,12,60,2447
0,0,0,78,18,60,2448
0,0,0,78,24,60,2449
0,0,0,78,30,60,2450
0,0,0,78,36,60,2451
0,0,0,78,42,60,2452
0,0,0,78,48,60,2453
0,0,0,78,54,60,2454
0,0,0,78,60,60,2455
0,0,0,78,66,60,2456
0,0,0,78,72,60,2457
0,0,0,78,78,60,2458
0,0,0,78,84,60,2459
0,0,0,84,0,60,2460
0,0,0,84,6,60,2461
0,0,0,84,12,60,2462
0,0,0,84,18,60,2463
0,0,0,84,24,60,2464
0,0,0,84,30,60,2465
0,0,0,84,36,60,2466
0,0,0,84,42,60,2467
0,0,0,84,48,60,2468
0,0,0,84,54,60,2469
0,0,0,84,60,60,2470
0,0,0,84,66,60,2471
0,0,0,84,72,60,2472
0,0,0,84,78,60,2473
0,0,0,84,84,60,2474
0,0,0,0,0,66,2475
0,0,0,0,6,66,2476
0,0,0,0,12,66,2477
0,0,0,0,18,66,2478
0,0,0,0,24,66,2479
0,0,0,0,30,66,2480
0,0,0,0,36,66,2481
0,0,0,0,42,66,2482
0,0,0,0,48,66,2483
0,0,0,0,54,66,2484
0,0,0,0,60,66,2485
0,0,0,0,66,66,2486
0,0,0,0,72,66,2487
0,0,0,0,78,66,2488
0,0,0,0,84,66,2489
0,0,0,6,0,66,2490
0,0,0,6,6,66,2491
0,0,0,6,12,66,2492
0,0,0,6,18,66,2493
0,0,0,6,24,66,2494
0,0,0,6,30,66,2495
0,0,0,6,36,66,2496
0,0,0,6,42,66,2497
0,0,0,6,48,66,2498
0,0,0,6,54,66,2499
0,0,0,6,60,66,2500
0,0,0,6,66,66,2501
0,0,0,6,72,66,2502
0,0,0,6,78,66,2503
0,0,0,6,84,66,2504
0,0,0,12,0,66,2505
0,0,0,12,6,66,2506
0,0,0,12,12,66,2507
0,0,0,12,18,66,2508
0,0,0,12,24,66,2509
0,0,0,12,30,66,2510
0,0,0,12,36,66,2511
0,0,0,12,42,66,2512
0,0,0,12,48,66,2513
0,0,0,12,54,66,2514
0,0,0,12,60,66,2515
0,0,0,12,66,66,2516
0,0,0,12,72,66,2517
0,0,0,12,78,66,2518
0,0,0,12,84,66,2519
0,0,0,18,0,66,2520
0,0,0,18,6,66,2521
0,0,0,18,12,66,2522
0,0,0,18,18,66,2523
0,0,0,18,24,66,2524
0,0,0,18,30,66,2525
0,0,0,18,36,66,2526
0,0,0,18,42,66,2527
0,0,0,18,48,66,2528
0,0,0,18,54,66,2529
0,0,0,18,60,66,2530
0,0,0,18,66,66,2531
0,0,0,18,72,66,2532
0,0,0,18,78,66,2533
0,0,0,18,84,66,2534
0,0,0,24,0,66,2535
0,0,0,24,6,66,2536
0,0,0,24,12,66,2537
0,0,0,24,18,66,2538
0,0,0,24,24,66,2539
0,0,0,24,30,66,2540
0,0,0,24,36,66,2541
0,0,0,24,42,66,2542
0,0,0,24,48,66,2543
0,0,0,24,54,66,2544
0,0,0,24,60,66,2545
0,0,0,24,66,66,2546
0,0,0,24,72,66,2547
0,0,0,24,78,66,2548
0,0,0,24,84,66,2549
0,0,0,30,0,66,2550
0,0,0,30,6,66,2551
0,0,0,30,12,66,2552
0,0,0,30,18,66,2553
0,0,0,30,24,66,2554
0,0,0,30,30,66,2555
0,0,0,30,36,66,2556
0,0,0,30,42,66,2557
0,0,0,30,48,66,2558
0,0,0,30,54,66,2559
0,0,0,30,60,66,2560
0,0,0,30,66,66,2561
0,0,0,30,72,66,2562
0,0,0,30,78,66,2563
0,0,0,30,84,66,2564
0,0,0,36,0,66,2565
0,0,0,36,6,66,2566
0,0,0,36,12,66,2567
0,0,0,36,18,66,2568
0,0,0,36,24,66,2569
0,0,0,36,30,66,2570
0,0,0,36,36,66,2571
0,0,0,36,42,66,2572
0,0,0,36,48,66,2573
0,0,0,36,54,66,2574
0,0,0,36,60,66,2575
0,0,0,36,66,66,2576
0,0,0,36,72,66,2577
0,0,0,36,78,66,2578
0,0,0,36,84,66,2579
0,0,0,42,0,66,2580
0,0,0,42,6,66,2581
0,0,0,42,12,66,2582
0,0,0,42,18,66,2583
0,0,0,42,24,66,2584
0,0,0,42,30,66,2585
0,0,0,42,36,66,2586
0,0,0,42,42,66,2587
0,0,0,42,48,66,2588
0,0,0,42,54,66,2589
0,0,0,42,60,66,2590
0,0,0,42,66,66,2591
0,0,0,42,72,66,2592
0,0,0,42,78,66,2593
0,0,0,42,84,66,2594
0,0,0,48,0,66,2595
0,0,0,48,6,66,2596
0,0,0,48,12,66,2597
0,0,0,48,18,66,2598
0,0,0,48,24,66,2599
0,0,0,48,30,66,2600
0,0,0,48,36,66,2601
0,0,0,48,42,66,2602
0,0,0,48,48,66,2603
0,0,0,48,54,66,2604
0,0,0,48,60,66,2605
0,0,0,48,66,66,2606
0,0,0,48,72,66,2607
0,0,0,48,78,66,2608
0,0,0,48,84,66,2609
0,0,0,54,0,66,2610
0,0,0,54,6,66,2611
0,0,0,54,12,66,2612
0,0,0,54,18,66,2613
0,0,0,54,24,66,2614
0,0,0,54,30,66,2615
0,0,0,54,36,66,2616
0,0,0,54,42,66,2617
0,0,0,54,48,66,2618
0,0,0,54,54,66,2619
0,0,0,54,60,66,2620
0,0,0,54,66,66,2621
0,0,0,54,72,66,2622
0,0,0,54,78,66,2623
0,0,0,54,84,66,2624
0,0,0,60,0,66,2625
0,0,0,60,6,66,2626
0,0,0,60,12,66,2627
0,0,0,60,18,66,2628
0,0,0,60,24,66,2629
0,0,0,60,30,66,2630
0,0,0,60,36,66,2631
0,0,0,60,42,66,2632
0,0,0,60,48,66,2633
0,0,0,60,54,66,2634
0,0,0,60,60,66,2635
0,0,0,60,66,66,2636
0,0,0,60,72,66,2637
0,0,0,60,78,66,2638
0,0,0,60,84,66,2639
0,0,0,66,0,66,2640
0,0,0,66,6,66,2641
0,0,0,66,12,66,2642
0,0,0,66,18,66,2643
0,0,0,66,24,66,2644
0,0,0,66,30,66,2645
0,0,0,66,36,66,2646
0,0,0,66,42,66,2647
0,0,0,66,48,66,2648
0,0,0,66,54,66,2649
0,0,0,66,60,66,2650
0,0,0,66,66,66,2651
0,0,0,66,72,66,2652
0,0,0,66,78,66,2653
0,0,0,66,84,66,2654
0,0,0,72,0,66,2655
0,0,0,72,6,66,2656
0,0,0,72,12,66,2657
0,0,0,72,18,66,2658
0,0,0,72,24,66,2659
0,0,0,72,30,66,2660
0,0,0,72,36,66,2661
0,0,0,72,42,66,2662
0,0,0,72,48,66,2663
0,0,0,72,54,66,2664
0,0,0,72,60,66,2665
0,0,0,72,66,66,2666
0,0,0,72,72,66,2667
0,0,0,72,78,66,2668
0,0,0,72,84,66,2669
0,0,0,78,0,66,2670
0,0,0,78,6,66,2671
0,0,0,78,12,66,2672
0,0,0,78,18,66,2673
0,0,0,78,24,66,2674
0,0,0,78,30,66,2675
0,0,0,78,36,66,2676
0,0,0,78,42,66,2677
0,0,0,78,48,66,2678
0,0,0,78,54,66,2679
0,0,0,78,60,66,2680
0,0,0,78,66,66,2681
0,0,0,78,72,66,2682
0,0,0,78,78,66,2683
0,0,0,78,84,66,2684
0,0,0,84,0,66,2685
0,0,0,84,6,66,2686
0,0,0,84,12,66,2687
0,0,0,84,18,66,2688
0,0,0,84,24,66,2689
0,0,0,84,30,66,2690
0,0,0,84,36,66,2691
0,0,0,84,42,66,2692
0,0,0,84,48,66,2693
0,0,0,84,54,66,2694
0,0,0,84,60,66,2695
0,0,0,84,66,66,2696
0,0,0,84,72,66,2697
0,0,0,84,78,66,2698
0,0,0,84,84,66,2699
0,0,0,0,0,72,2700
0,0,0,0,6,72,2701
0,0,0,0,12,72,2702
0,0,0,0,18,72,2703
0,0,0,0,24,72,2704
0,0,0,0,30,72,2705
0,0,0,0,36,72,2706
0,0,0,0,42,72,2707
0,0,0,0,48,72,2708
0,0,0,0,54,72,2709
0,0,0,0,60,72,2710
0,0,0,0,66,72,2711
0,0,0,0,72,72,2712
0,0,0,0,78,72,2713
0,0,0,0,84,72,2714
0,0,0,6,0,72,2715
0,0,0,6,6,72,2716
0,0,0,6,12,72,2717
0,0,0,6,18,72,2718
0,0,0,6,24,72,2719
0,0,0,6,30,72,2720
0,0,0,6,36,72,2721
0,0,0,6,42,72,2722
0,0,0,6,48,72,2723
0,0,0,6,54,72,2724
0,0,0,6,60,72,2725
0,0,0,6,66,72,2726
0,0,0,6,72,72,2727
0,0,0,6,78,72,2728
0,0,0,6,84,72,2729
0,0,0,12,0,72,2730
0,0,0,12,6,72,2731
0,0,0,12,12,72,2732
0,0,0,12,18,72,2733
0,0,0,12,24,72,2734
0,0,0,12,30,72,2735
0,0,0,12,36,72,2736
0,0,0,12,42,72,2737
0,0,0,12,48,72,2738
0,0,0,12,54,72,2739
0,0,0,12,60,72,2740
0,0,0,12,66,72,2741
0,0,0,12,72,72,2742
0,0,0,12,78,72,2743
0,0,0,12,84,72,2744
0,0,0,18,0,72,2745
0,0,0,18,6,72,2746
0,0,0,18,12,72,2747
0,0,0,18,18,72,2748
0,0,0,18,24,72,2749
0,0,0,18,30,72,2750
0,0,0,18,36,72,2751
0,0,0,18,42,72,2752
0,0,0,18,48,72,2753
0,0,0,18,54,72,2754
0,0,0,18,60,72,2755
0,0,0,18,66,72,2756
0,0,0,18,72,72,2757
0,0,0,18,78,72,2758
0,0,0,18,84,72,2759
0,0,0,24,0,72,2760
0,0,0,24,6,72,2761
0,0,0,24,12,72,2762
0,0,0,24,18,72,2763
0,0,0,24,24,72,2764
0,0,0,24,30,72,2765
0,0,0,24,36,72,2766
0,0,0,24,42,72,2767
0,0,0,24,48,72,2768
0,0,0,24,54,72,2769
0,0,0,24,60,72,2770
0,0,0,24,66,72,2771
0,0,0,24,72,72,2772
0,0,0,24,78,72,2773
0,0,0,24,84,72,2774
0,0,0,30,0,72,2775
0,0,0,30,6,72,2776
0,0,0,30,12,72,2777
0,0,0,30,18,72,2778
0,0,0,30,24,72,2779
0,0,0,30,30,72,2780
0,0,0,30,36,72,2781
0,0,0,30,42,72,2782
0,0,0,30,48,72,2783
0,0,0,30,54,72,2784
0,0,0,30,60,72,2785
0,0,0,30,66,72,2786
0,0,0,30,72,72,2787
0,0,0,30,78,72,2788
0,0,0,30,84,72,2789
0,0,0,36,0,72,2790
0,0,0,36,6,72,2791
0,0,0,36,12,72,2792
0,0,0,36,18,72,2793
0,0,0,36,24,72,2794
0,0,0,36,30,72,2795
0,0,0,36,36,72,2796
0,0,0,36,42,72,2797
0,0,0,36,48,72,2798
0,0,0,36,54,72,2799
0,0,0,36,60,72,2800
0,0,0,36,66,72,2801
0,0,0,36,72,72,2802
0,0,0,36,78,72,2803
0,0,0,36,84,72,2804
0,0,0,42,0,72,2805
0,0,0,42,6,72,2806
0,0,0,42,12,72,2807
0,0,0,42,18,72,2808
0,0,0,42,24,72,2809
0,0,0,42,30,72,2810
0,0,0,42,36,72,2811
0,0,0,42,42,72,2812
0,0,0,42,48,72,2813
0,0,0,42,54,72,2814
0,0,0,42,60,72,2815
0,0,0,42,66,72,2816
0,0,0,42,72,72,2817
0,0,0,42,78,72,2818
0,0,0,42,84,72,2819
0,0,0,48,0,72,2820
0,0,0,48,6,72,2821
0,0,0,48,12,72,2822
0,0,0,48,18,72,2823
0,0,0,48,24,72,2824
0,0,0,48,30,72,2825
0,0,0,48,36,72,2826
0,0,0,48,42,72,2827
0,0,0,48,48,72,2828
0,0,0,48,54,72,2829
0,0,0,48,60,72,2830
0,0,0,48,66,72,2831
0,0,0,48,72,72,2832
0,0,0,48,78,72,2833
0,0,0,48,84,72,2834
0,0,0,54,0,72,2835
0,0,0,54,6,72,2836
0,0,0,54,12,72,2837
0,0,0,54,18,72,2838
0,0,0,54,24,72,2839
0,0,0,54,30,72,2840
0,0,0,54,36,72,2841
0,0,0,54,42,72,2842
0,0,0,54,48,72,2843
0,0,0,54,54,72,2844
0,0,0,54,60,72,2845
0,0,0,54,66,72,2846
0,0,0,54,72,72,2847
0,0,0,54,78,72,2848
0,0,0,54,84,72,2849
0,0,0,60,0,72,2850
0,0,0,60,6,72,2851
0,0,0,60,12,72,2852
0,0,0,60,18,72,2853
0,0,0,60,24,72,2854
0,0,0,60,30,72,2855
0,0,0,60,36,72,2856
0,0,0,60,42,72,2857
0,0,0,60,48,72,2858
0,0,0,60,54,72,2859
0,0,0,60,60,72,2860
0,0,0,60,66,72,2861
0,0,0,60,72,72,2862
0,0,0,60,78,72,2863
0,0,0,60,84,72,2864
0,0,0,66,0,72,2865
0,0,0,66,6,72,2866
0,0,0,66,12,72,2867
0,0,0,66,18,72,2868
0,0,0,66,24,72,2869
0,0,0,66,30,72,2870
0,0,0,66,36,72,2871
0,0,0,66,42,72,2872
0,0,0,66,48,72,2873
0,0,0,66,54,72,2874
0,0,0,66,60,72,2875
0,0,0,66,66,72,2876
0,0,0,66,72,72,2877
0,0,0,66,78,72,2878
0,0,0,66,84,72,2879
0,0,0,72,0,72,2880
0,0,0,72,6,72,2881
0,0,0,72,12,72,2882
0,0,0,72,18,72,2883
0,0,0,72,24,72,2884
0,0,0,72,30,72,2885
0,0,0,72,36,72,2886
0,0,0,72,42,72,2887
0,0,0,72,48,72,2888
0,0,0,72,54,72,2889
0,0,0,72,60,72,2890
0,0,0,72,66,72,2891
0,0,0,72,72,72,2892
0,0,0,72,78,72,2893
0,0,0,72,84,72,2894
0,0,0,78,0,72,2895
0,0,0,78,6,72,2896
0,0,0,78,12,72,2897
0,0,0,78,18,72,2898
0,0,0,78,24,72,2899
0,0,0,78,30,72,2900
0,0,0,78,36,72,2901
0,0,0,78,42,72,2902
0,0,0,78,48,72,2903
0,0,0,78,54,72,2904
0,0,0,78,60,72,2905
0,0,0,78,66,72,2906
0,0,0,78,72,72,2907
0,0,0,78,78,72,2908
0,0,0,78,84,72,2909
0,0,0,84,0,72,2910
0,0,0,84,6,72,2911
0,0,0,84,12,72,2912
0,0,0,84,18,72,2913
0,0,0,84,24,72,2914
0,0,0,84,30,72,2915
0,0,0,84,36,72,2916
0,0,0,84,42,72,2917
0,0,0,84,48,72,2918
0,0,0,84,54,72,2919
0,0,0,84,60,72,2920
0,0,0,84,66,72,2921
0,0,0,84,72,72,2922
0,0,0,84,78,72,2923
0,0,0,84,84,72,2924
0,0,0,0,0,78,2925
0,0,0,0,6,78,2926
0,0,0,0,12,78,2927
0,0,0,0,18,78,2928
0,0,0,0,24,78,2929
0,0,0,0,30,78,2930
0,0,0,0,36,78,2931
0,0,0,0,42,78,2932
0,0,0,0,48,78,2933
0,0,0,0,54,78,2934
0,0,0,0,60,78,2935
0,0,0,0,66,78,2936
0,0,0,0,72,78,2937
0,0,0,0,78,78,2938
0,0,0,0,84,78,2939
0,0,0,6,0,78,2940
0,0,0,6,6,78,2941
0,0,0,6,12,78,2942
0,0,0,6,18,78,2943
0,0,0,6,24,78,2944
0,0,0,6,30,78,2945
0,0,0,6,36,78,2946
0,0,0,6,42,78,2947
0,0,0,6,48,78,2948
0,0,0,6,54,78,2949
0,0,0,6,60,78,2950
0,0,0,6,66,78,2951
0,0,0,6,72,78,2952
0,0,0,6,78,78,2953
0,0,0,6,84,78,2954
0,0,0,12,0,78,2955
0,0,0,12,6,78,2956
0,0,0,12,12,78,2957
0,0,0,12,18,78,2958
0,0,0,12,24,78,2959
0,0,0,12,30,78,2960
0,0,0,12,36,78,2961
0,0,0,12,42,78,2962
0,0,0,12,48,78,2963
0,0,0,12,54,78,2964
0,0,0,12,60,78,2965
0,0,0,12,66,78,2966
0,0,0,12,72,78,2967
0,0,0,12,78,78,2968
0,0,0,12,84,78,2969
0,0,0,18,0,78,2970
0,0,0,18,6,78,2971
0,0,0,18,12,78,2972
0,0,0,18,18,78,2973
0,0,0,18,24,78,2974
0,0,0,18,30,78,2975
0,0,0,18,36,78,2976
0,0,0,18,42,78,2977
0,0,0,18,48,78,2978
0,0,0,18,54,78,2979
0,0,0,18,60,78,2980
0,0,0,18,66,78,2981
0,0,0,18,72,78,2982
0,0,0,18,78,78,2983
0,0,0,18,84,78,2984
0,0,0,24,0,78,2985
0,0,0,24,6,78,2986
0,0,0,24,12,78,2987
0,0,0,24,18,78,2988
0,0,0,24,24,78,2989
0,0,0,24,30,78,2990
0,0,0,24,36,78,2991
0,0,0,24,42,78,2992
0,0,0,24,48,78,2993
0,0,0,24,54,78,2994
0,0,0,24,60,78,2995
0,0,0,24,66,78,2996
0,0,0,24,72,78,2997
0,0,0,24,78,78,2998
0,0,0,24,84,78,2999
0,0,0,30,0,78,3000
0,0,0,30,6,78,3001
0,0,0,30,12,78,3002
0,0,0,30,18,78,3003
0,0,0,30,24,78,3004
0,0,0,30,30,78,3005
0,0,0,30,36,78,3006
0,0,0,30,42,78,3007
0,0,0,30,48,78,3008
0,0,0,30,54,78,3009
0,0,0,30,60,78,3010
0,0,0,30,66,78,3011
0,0,0,30,72,78,3012
0,0,0,30,78,78,3013
0,0,0,30,84,78,3014
0,0,0,36,0,78,3015
0,0,0,36,6,78,3016
0,0,0,36,12,78,3017
0,0,0,36,18,78,3018
0,0,0,36,24,78,3019
0,0,0,36,30,78,3020
0,0,0,36,36,78,3021
0,0,0,36,42,78,3022
0,0,0,36,48,78,3023
0,0,0,36,54,78,3024
0,0,0,36,60,78,3025
0,0,0,36,66,78,3026
0,0,0,36,72,78,3027
0,0,0,36,78,78,3028
0,0,0,36,84,78,3029
0,0,0,42,0,78,3030
0,0,0,42,6,78,3031
0,0,0,42,12,78,3032
0,0,0,42,18,78,3033
0,0,0,42,24,78,3034
0,0,0,42,30,78,3035
0,0,0,42,36,78,3036
0,0,0,42,42,78,3037
0,0,0,42,48,78,3038
0,0,0,42,54,78,3039
0,0,0,42,60,78,3040
0,0,0,42,66,78,3041
0,0,0,42,72,78,3042
0,0,0,42,78,78,3043
0,0,0,42,84,78,3044
0,0,0,48,0,78,3045
0,0,0,48,6,78,3046
0,0,0,48,12,78,3047
0,0,0,48,18,78,3048
0,0,0,48,24,78,3049
0,0,0,48,30,78,3050
0,0,0,48,36,78,3051
0,0,0,48,42,78,3052
0,0,0,48,48,78,3053
0,0,0,48,54,78,3054
0,0,0,48,60,78,3055
0,0,0,48,66,78,3056
0,0,0,48,72,78,3057
0,0,0,48,78,78,3058
0,0,0,48,84,78,3059
0,0,0,54,0,78,3060
0,0,0,54,6,78,3061
0,0,0,54,12,78,3062
0,0,0,54,18,78,3063
0,0,0,54,24,78,3064
0,0,0,54,30,78,3065
0,0,0,54,36,78,3066
0,0,0,54,42,78,3067
0,0,0,54,48,78,3068
0,0,0,54,54,78,3069
0,0,0,54,60,78,3070
0,0,0,54,66,78,3071
0,0,0,54,72,78,3072
0,0,0,54,78,78,3073
0,0,0,54,84,78,3074
0,0,0,60,0,78,3075
0,0,0,60,6,78,3076
0,0,0,60,12,78,3077
0,0,0,60,18,78,3078
0,0,0,60,24,78,3079
0,0,0,60,30,78,3080
0,0,0,60,36,78,3081
0,0,0,60,42,78,3082
0,0,0,60,48,78,3083
0,0,0,60,54,78,3084
0,0,0,60,60,78,3085
0,0,0,60,66,78,3086
0,0,0,60,72,78,3087
0,0,0,60,78,78,3088
0,0,0,60,84,78,3089
0,0,0,66,0,78,3090
0,0,0,66,6,78,3091
0,0,0,66,12,78,3092
0,0,0,66,18,78,3093
0,0,0,66,24,78,3094
0,0,0,66,30,78,3095
0,0,0,66,36,78,3096
0,0,0,66,42,78,3097
0,0,0,66,48,78,3098
0,0,0,66,54,78,3099
0,0,0,66,60,78,3100
0,0,0,66,66,78,3101
0,0,0,66,72,78,3102
0,0,0,66,78,78,3103
0,0,0,66,84,78,3104
0,0,0,72,0,78,3105
0,0,0,72,6,78,3106
0,0,0,72,12,78,3107
0,0,0,72,18,78,3108
0,0,0,72,24,78,3109
0,0,0,72,30,78,3110
0,0,0,72,36,78,3111
0,0,0,72,42,78,3112
0,0,0,72,48,78,3113
0,0,0,72,54,78,3114
0,0,0,72,60,78,3115
0,0,0,72,66,78,3116
0,0,0,72,72,78,3117
0,0,0,72,78,78,3118
0,0,0,72,84,78,3119
0,0,0,78,0,78,3120
0,0,0,78,6,78,3121
0,0,0,78,12,78,3122
0,0,0,78,18,78,3123
0,0,0,78,24,78,3124
0,0,0,78,30,78,3125
0,0,0,78,36,78,3126
0,0,0,78,42,78,3127
0,0,0,78,48,78,3128
0,0,0,78,54,78,3129
0,0,0,78,60,78,3130
0,0,0,78,66,78,3131
0,0,0,78,72,78,3132
0,0,0,78,78,78,3133
0,0,0,78,84,78,3134
0,0,0,84,0,78,3135
0,0,0,84,6,78,3136
0,0,0,84,12,78,3137
0,0,0,84,18,78,3138
0,0,0,84,24,78,3139
0,0,0,84,30,78,3140
0,0,0,84,36,78,3141
0,0,0,84,42,78,3142
0,0,0,84,48,78,3143
0,0,0,84,54,78,3144
0,0,0,84,60,78,3145
0,0,0,84,66,78,3146
0,0,0,84,72,78,3147
0,0,0,84,78,78,3148
0,0,0,84,84,78,3149
0,0,0,0,0,84,3150
0,0,0,0,6,84,3151
0,0,0,0,12,84,3152
0,0,0,0,18,84,3153
0,0,0,0,24,84,3154
0,0,0,0,30,84,3155
0,0,0,0,36,84,3156
0,0,0,0,42,84,3157
0,0,0,0,48,84,3158
0,0,0,0,54,84,3159
0,0,0,0,60,84,3160
0,0,0,0,66,84,3161
0,0,0,0,72,84,3162
0,0,0,0,78,84,3163
0,0,0,0,84,84,3164
0,0,0,6,0,84,3165
0,0,0,6,6,84,3166
0,0,0,6,12,84,3167
0,0,0,6,18,84,3168
0,0,0,6,24,84,3169
0,0,0,6,30,84,3170
0,0,0,6,36,84,3171
0,0,0,6,42,84,3172
0,0,0,6,48,84,3173
0,0,0,6,54,84,3174
0,0,0,6,60,84,3175
0,0,0,6,66,84,3176
0,0,0,6,72,84,3177
0,0,0,6,78,84,3178
0,0,0,6,84,84,3179
0,0,0,12,0,84,3180
0,0,0,12,6,84,3181
0,0,0,12,12,84,3182
0,0,0,12,18,84,3183
0,0,0,12,24,84,3184
0,0,0,12,30,84,3185
0,0,0,12,36,84,3186
0,0,0,12,42,84,3187
0,0,0,12,48,84,3188
0,0,0,12,54,84,3189
0,0,0,12,60,84,3190
0,0,0,12,66,84,3191
0,0,0,12,72,84,3192
0,0,0,12,78,84,3193
0,0,0,12,84,84,3194
0,0,0,18,0,84,3195
0,0,0,18,6,84,3196
0,0,0,18,12,84,3197
0,0,0,18,18,84,3198
0,0,0,18,24,84,3199
0,0,0,18,30,84,3200
0,0,0,18,36,84,3201
0,0,0,18,42,84,3202
0,0,0,18,48,84,3203
0,0,0,18,54,84,3204
0,0,0,18,60,84,3205
0,0,0,18,66,84,3206
0,0,0,18,72,84,3207
0,0,0,18,78,84,3208
0,0,0,18,84,84,3209
0,0,0,24,0,84,3210
0,0,0,24,6,84,3211
0,0,0,24,12,84,3212
0,0,0,24,18,84,3213
0,0,0,24,24,84,3214
0,0,0,24,30,84,3215
0,0,0,24,36,84,3216
0,0,0,24,42,84,3217
0,0,0,24,48,84,3218
0,0,0,24,54,84,3219
0,0,0,24,60,84,3220
0,0,0,24,66,84,3221
0,0,0,24,72,84,3222
0,0,0,24,78,84,3223
0,0,0,24,84,84,3224
0,0,0,30,0,84,3225
0,0,0,30,6,84,3226
0,0,0,30,12,84,3227
0,0,0,30,18,84,3228
0,0,0,30,24,84,3229
0,0,0,30,30,84,3230
0,0,0,30,36,84,3231
0,0,0,30,42,84,3232
0,0,0,30,48,84,3233
0,0,0,30,54,84,3234
0,0,0,30,60,84,3235
0,0,0,30,66,84,3236
0,0,0,30,72,84,3237
0,0,0,30,78,84,3238
0,0,0,30,84,84,3239
0,0,0,36,0,84,3240
0,0,0,36,6,84,3241
0,0,0,36,12,84,3242
0,0,0,36,18,84,3243
0,0,0,36,24,84,3244
0,0,0,36,30,84,3245
0,0,0,36,36,84,3246
0,0,0,36,42,84,3247
0,0,0,36,48,84,3248
0,0,0,36,54,84,3249
0,0,0,36,60,84,3250
0,0,0,36,66,84,3251
0,0,0,36,72,84,3252
0,0,0,36,78,84,3253
0,0,0,36,84,84,3254
0,0,0,42,0,84,3255
0,0,0,42,6,84,3256
0,0,0,42,12,84,3257
0,0,0,42,18,84,3258
0,0,0,42,24,84,3259
0,0,0,42,30,84,3260
0,0,0,42,36,84,3261
0,0,0,42,42,84,3262
0,0,0,42,48,84,3263
0,0,0,42,54,84,3264
0,0,0,42,60,84,3265
0,0,0,42,66,84,3266
0,0,0,42,72,84,3267
0,0,0,42,78,84,3268
0,0,0,42,84,84,3269
0,0,0,48,0,84,3270
0,0,0,48,6,84,3271
0,0,0,48,12,84,3272
0,0,0,48,18,84,3273
0,0,0,48,24,84,3274
0,0,0,48,30,84,3275
0,0,0,48,36,84,3276
0,0,0,48,42,84,3277
0,0,0,48,48,84,3278
0,0,0,48,54,84,3279
0,0,0,48,60,84,3280
0,0,0,48,66,84,3281
0,0,0,48,72,84,3282
0,0,0,48,78,84,3283
0,0,0,48,84,84,3284
0,0,0,54,0,84,3285
0,0,0,54,6,84,3286
0,0,0,54,12,84,3287
0,0,0,54,18,84,3288
0,0,0,54,24,84,3289
0,0,0,54,30,84,3290
0,0,0,54,36,84,3291
0,0,0,54,42,84,3292
0,0,0,54,48,84,3293
0,0,0,54,54,84,3294
0,0,0,54,60,84,3295
0,0,0,54,66,84,3296
0,0,0,54,72,84,3297
0,0,0,54,78,84,3298
0,0,0,54,84,84,3299
0,0,0,60,0,84,3300
0,0,0,60,6,84,3301
0,0,0,60,12,84,3302
0,0,0,60,18,84,3303
0,0,0,60,24,84,3304
0,0,0,60,30,84,3305
0,0,0,60,36,84,3306
0,0,0,60,42,84,3307
0,0,0,60,48,84,3308
0,0,0,60,54,84,3309
0,0,0,60,60,84,3310
0,0,0,60,66,84,3311
0,0,0,60,72,84,3312
0,0,0,60,78,84,3313
0,0,0,60,84,84,3314
0,0,0,66,0,84,3315
0,0,0,66,6,84,3316
0,0,0,66,12,84,3317
0,0,0,66,18,84,3318
0,0,0,66,24,84,3319
0,0,0,66,30,84,3320
0,0,0,66,36,84,3321
0,0,0,66,42,84,3322
0,0,0,66,48,84,3323
0,0,0,66,54,84,3324
0,0,0,66,60,84,3325
0,0,0,66,66,84,3326
0,0,0,66,72,84,3327
0,0,0,66,78,84,3328
0,0,0,66,84,84,3329
0,0,0,72,0,84,3330
0,0,0,72,6,84,3331
0,0,0,72,12,84,3332
0,0,0,72,18,84,3333
0,0,0,72,24,84,3334
0,0,0,72,30,84,3335
0,0,0,72,36,84,3336
0,0,0,72,42,84,3337
0,0,0,72,48,84,3338
0,0,0,72,54,84,3339
0,0,0,72,60,84,3340
0,0,0,72,66,84,3341
0,0,0,72,72,84,3342
0,0,0,72,78,84,3343
0,0,0,72,84,84,3344
0,0,0,78,0,84,3345
0,0,0,78,6,84,3346
0,0,0,78,12,84,3347
0,0,0,78,18,84,3348
0,0,0,78,24,84,3349
0,0,0,78,30,84,3350
0,0,0,78,36,84,3351
0,0,0,78,42,84,3352
0,0,0,78,48,84,3353
0,0,0,78,54,84,3354
0,0,0,78,60,84,3355
0,0,0,78,66,84,3356
0,0,0,78,72,84,3357
0,0,0,78,78,84,3358
0,0,0,78,84,84,3359
0,0,0,84,0,84,3360
0,0,0,84,6,84,3361
0,0,0,84,12,84,3362
0,0,0,84,18,84,3363
0,0,0,84,24,84,3364
0,0,0,84,30,84,3365
0,0,0,84,36,84,3366
0,0,0,84,42,84,3367
0,0,0,84,48,84,3368
0,0,0,84,54,84,3369
0,0,0,84,60,84,3370
0,0,0,84,66,84,3371
0,0,0,84,72,84,3372
0,0,0,84,78,84,3373
0,0,0,84,84,84,3374

